Timestamp,PM2.5 (µg/m³),PM10 (µg/m³),NO (µg/m³),NO2 (µg/m³),NOx (ppb),NH3 (µg/m³),SO2 (µg/m³),CO (mg/m³),Ozone (µg/m³),Benzene (µg/m³),Toluene (µg/m³),Xylene (µg/m³),O Xylene (µg/m³),Eth-Benzene (µg/m³),MP-Xylene (µg/m³),AT (°C),RH (%),WS (m/s),WD (deg),RF (mm),TOT-RF (mm),SR (W/mt2),BP (mmHg),VWS (m/s)
2024-01-01,80.85,174.6,10.81,22.31,20.37,42.83,12.16,1.01,4.3,1.27,3.19,,,0.42,1.11,19.15,90.27,0.16,151.56,0.0,0.0,28.03,1012.22,1.01
2024-01-02,81.18,167.44,9.28,23.25,19.64,43.03,14.13,0.96,9.75,1.29,4.32,,,0.45,1.13,18.06,76.67,0.13,174.4,0.0,0.0,32.23,1012.32,1.01
2024-01-03,63.9,135.96,14.89,22.1,23.54,42.7,13.57,0.92,10.1,1.08,2.66,,,0.43,1.09,18.71,79.97,0.2,148.03,0.0,0.0,34.88,1011.76,0.92
2024-01-04,75.9,158.95,23.2,27.02,32.77,50.19,9.16,1.22,11.45,1.37,4.66,,,0.47,1.28,19.31,82.15,0.12,209.25,0.0,0.0,30.71,1011.75,1.03
2024-01-05,88.55,173.81,34.75,30.73,43.97,56.16,7.79,1.47,15.57,3.81,8.97,,,1.68,1.33,19.79,75.14,0.14,187.49,0.0,0.0,33.29,1012.32,1.03
2024-01-06,80.81,175.11,22.83,30.14,34.11,52.07,10.36,1.29,9.2,1.33,6.23,,,0.49,1.2,20.06,75.71,0.09,187.76,0.0,0.0,32.2,1012.88,1.02
2024-01-07,92.26,192.57,7.07,24.71,18.63,42.74,12.46,1.1,4.38,1.09,2.74,,,0.44,1.12,20.58,85.46,0.12,172.81,0.0,0.0,31.96,1013.54,1.0
2024-01-08,104.29,206.8,6.12,22.86,16.9,42.12,10.83,1.08,14.36,1.07,2.43,,,0.42,1.11,20.09,89.51,0.17,124.01,0.0,0.0,32.25,1013.91,0.99
2024-01-09,91.34,181.29,8.9,23.24,19.33,42.25,7.54,1.09,16.35,1.08,3.44,,,0.41,1.09,19.48,86.84,0.11,168.66,0.0,0.0,31.16,1013.02,1.08
2024-01-10,112.03,217.25,26.15,33.16,38.35,51.19,8.21,1.52,17.11,1.77,5.09,,,0.54,1.22,20.15,77.27,0.09,197.94,0.0,0.0,28.33,1011.28,1.04
2024-01-11,96.3,194.88,14.1,24.69,24.26,47.19,7.66,1.31,10.38,1.5,4.16,,,0.55,1.24,20.1,79.16,0.19,134.56,0.0,0.0,28.63,1012.66,0.99
2024-01-12,87.95,182.75,4.73,19.14,13.85,38.89,7.54,1.08,8.71,1.01,1.94,,,0.4,1.08,17.49,81.31,0.19,116.51,0.0,0.0,29.57,1012.46,0.98
2024-01-13,90.78,181.58,7.36,21.25,17.05,40.2,8.2,1.16,7.95,1.24,2.52,,,0.41,1.07,16.5,73.21,0.17,128.35,0.0,0.0,28.49,1012.15,0.98
2024-01-14,121.99,246.57,4.83,21.1,14.95,40.07,9.13,1.31,8.61,1.03,2.06,,,0.39,1.09,16.84,79.39,0.16,120.42,0.0,0.0,26.52,1011.59,1.0
2024-01-15,95.67,234.3,4.7,17.62,13.02,39.93,7.45,1.41,8.41,1.06,1.68,,,0.37,1.07,15.26,91.84,0.3,119.97,0.0,0.0,23.0,1011.59,0.98
2024-01-16,89.76,204.98,6.04,18.92,14.78,41.23,10.81,1.27,8.55,0.95,1.43,,,0.36,1.04,16.45,92.01,0.18,112.5,0.0,0.0,25.11,1011.24,1.0
2024-01-17,80.43,170.46,4.99,19.06,14.01,41.73,8.23,1.42,7.83,3.31,2.17,,,5.97,1.99,16.04,97.12,0.4,108.6,0.0,0.0,25.92,1011.36,1.0
2024-01-18,82.64,166.08,5.31,19.58,14.53,42.31,7.79,1.4,7.36,3.3,2.16,,,5.97,2.0,16.76,98.81,0.43,116.39,0.01,0.01,16.79,1011.31,1.02
2024-01-19,84.33,172.97,5.43,19.07,14.37,42.99,7.04,1.4,7.4,3.3,2.16,,,5.98,2.0,18.62,95.99,0.17,108.73,0.0,0.0,25.3,1012.62,0.99
2024-01-20,94.98,208.78,7.49,22.01,17.56,43.43,7.44,1.48,7.81,3.29,2.16,,,5.93,2.0,16.56,90.49,0.18,141.08,0.0,0.0,27.41,1012.91,1.01
2024-01-21,106.98,239.25,16.17,28.47,27.89,49.53,9.21,1.78,6.69,3.31,2.16,,,5.92,2.0,17.01,91.9,0.13,177.51,0.0,0.0,20.99,1012.51,0.99
2024-01-22,110.42,223.98,7.86,23.98,18.88,43.34,7.75,1.31,10.26,3.3,2.16,,,5.94,2.0,15.21,87.22,0.16,144.31,0.0,0.0,38.22,1014.73,0.99
2024-01-23,106.6,207.71,13.71,28.28,25.82,46.47,13.63,1.24,26.22,3.3,2.16,,,5.95,2.0,17.23,72.99,0.12,183.94,0.0,0.0,41.53,1013.0,1.01
2024-01-24,97.68,181.01,6.46,24.92,18.25,44.3,10.9,1.26,16.88,3.3,2.16,,,5.94,2.0,18.51,83.21,0.25,186.65,0.0,0.0,26.36,1013.14,1.01
2024-01-25,91.23,177.4,10.89,24.2,21.42,44.52,9.83,1.26,15.24,3.3,2.16,,,5.94,2.0,18.35,84.19,0.18,154.03,0.0,0.0,27.95,1015.04,0.99
2024-01-26,104.14,195.71,8.18,22.84,18.55,42.36,9.71,1.38,8.84,3.3,2.16,,,5.98,2.0,18.28,75.77,0.13,132.63,0.0,0.0,28.32,1015.96,0.94
2024-01-27,75.76,150.77,12.4,26.36,23.76,44.41,10.15,1.33,8.59,3.31,2.16,,,5.95,2.0,18.57,63.77,0.12,218.53,0.0,0.0,29.15,1015.49,0.98
2024-01-28,78.2,158.93,14.55,27.62,26.15,46.52,8.79,1.41,8.27,3.3,2.16,,,5.97,2.0,20.37,61.57,0.14,200.35,0.0,0.0,29.46,1015.05,0.99
2024-01-29,86.58,174.62,6.54,25.37,18.55,42.08,10.75,1.03,14.19,3.31,2.16,,,5.97,2.0,20.61,72.12,0.15,211.92,0.0,0.0,49.16,1013.47,1.02
2024-01-30,82.15,144.96,5.05,15.83,12.37,38.47,14.86,0.57,20.28,3.63,3.11,,,3.97,1.56,24.09,86.66,0.42,248.98,0.0,0.0,62.11,1011.95,0.99
2024-01-31,62.4,129.65,4.13,16.83,12.14,38.37,6.74,0.6,16.35,5.05,5.74,,,1.08,1.08,24.48,94.82,0.23,176.08,0.02,0.02,78.3,1011.51,1.0
2024-02-01,62.33,125.8,4.69,19.72,14.11,41.56,5.48,0.85,11.26,5.05,5.68,,,1.1,1.07,24.16,99.57,0.15,163.06,0.02,0.02,83.16,1011.96,0.95
2024-02-02,129.95,216.87,9.5,20.91,18.59,42.21,10.29,0.9,15.79,5.13,5.7,,,1.08,1.07,27.9,84.68,0.15,223.38,0.02,0.01,119.81,1010.6,1.0
2024-02-03,79.39,150.73,8.52,20.49,17.59,42.58,8.68,0.8,21.71,5.04,5.68,,,1.1,1.08,25.81,69.48,0.22,201.97,0.0,0.0,126.91,1012.24,0.99
2024-02-04,82.02,164.16,9.24,20.24,18.03,42.05,11.34,0.75,9.49,5.04,5.72,,,1.08,1.09,24.46,67.84,0.15,251.38,0.0,0.0,144.62,1013.3,0.98
2024-02-05,78.8,160.02,10.17,21.67,19.53,43.96,11.23,0.74,9.52,5.04,5.68,,,1.08,1.07,25.28,70.38,0.16,185.32,0.0,0.0,158.84,1012.75,1.01
2024-02-06,72.26,134.88,6.62,13.75,12.55,41.79,8.39,0.52,11.5,5.06,5.71,,,1.08,1.07,25.5,93.26,0.28,174.34,0.0,0.0,125.5,1011.92,0.98
2024-02-07,70.55,141.8,7.55,16.65,14.8,41.99,7.02,0.59,17.79,5.05,5.71,,,1.09,1.08,25.35,71.51,0.19,150.82,0.0,0.0,123.3,1012.48,0.98
2024-02-08,61.3,127.51,8.76,17.45,16.19,39.82,10.63,0.56,16.66,4.68,5.26,,,1.1,1.09,23.92,48.1,0.15,158.47,0.0,0.0,142.25,1012.58,0.98
2024-02-09,58.16,118.58,6.27,15.86,13.37,36.59,14.28,0.47,22.49,4.05,4.29,,,1.08,1.08,22.37,42.58,0.18,146.07,0.0,0.0,103.29,1014.88,0.99
2024-02-10,80.8,169.12,6.6,19.59,15.58,38.28,14.44,0.66,10.39,3.97,4.19,,,1.06,1.05,21.45,50.89,0.15,188.12,0.0,0.0,101.84,1015.01,0.95
2024-02-11,93.08,168.2,15.52,24.52,25.31,44.31,11.6,0.94,8.69,4.06,4.33,,,1.09,1.08,21.92,59.67,0.13,189.08,0.0,0.0,96.61,1015.14,0.99
2024-02-12,104.07,206.03,32.47,29.96,41.75,56.36,12.37,1.53,8.12,4.07,4.31,,,1.08,1.08,23.7,64.97,0.16,186.09,0.0,0.0,87.89,1014.96,1.0
2024-02-13,113.54,218.94,14.59,25.54,25.1,47.27,15.11,1.17,19.23,4.08,4.32,,,1.09,1.08,23.6,69.67,0.13,180.8,0.0,0.0,93.5,1014.44,1.02
2024-02-14,88.05,171.57,9.86,21.64,19.26,43.57,13.62,0.96,8.58,4.06,4.33,,,1.09,1.08,24.14,75.57,0.19,181.29,0.0,0.0,118.89,1012.93,1.01
2024-02-15,99.26,198.59,16.77,21.28,24.62,48.59,11.18,1.22,18.37,4.07,4.34,,,1.09,1.08,25.13,77.39,0.19,167.49,0.0,0.0,123.78,1013.2,1.02
2024-02-16,84.19,166.74,7.32,17.73,15.18,42.73,10.04,0.84,22.14,4.07,4.34,,,1.09,1.1,24.96,84.35,0.15,168.01,0.0,0.0,128.54,1013.22,0.98
2024-02-17,91.16,177.06,15.81,21.11,23.76,47.9,8.45,1.1,11.21,4.08,4.37,,,1.09,1.1,24.58,70.28,0.13,221.81,0.0,0.0,137.19,1010.55,1.04
2024-02-18,89.89,170.97,7.68,16.44,14.8,42.52,11.31,0.85,8.72,4.08,4.35,,,1.09,1.08,26.89,77.42,0.23,245.11,0.0,0.0,115.76,1009.86,1.01
2024-02-19,56.67,118.31,6.67,12.87,12.12,41.18,10.89,0.6,12.57,4.08,4.3,,,1.08,1.08,28.98,85.25,0.39,244.54,0.0,0.0,115.85,1009.53,0.93
2024-02-20,49.64,106.66,6.17,10.52,10.49,40.5,8.75,0.49,13.18,4.06,4.29,,,1.08,1.07,30.84,87.84,0.62,236.04,0.0,0.0,114.61,1006.86,0.97
2024-02-21,51.57,117.03,6.11,14.01,12.27,40.74,7.15,0.63,22.47,5.76,7.06,,,1.26,1.3,29.93,71.32,0.34,178.59,0.0,0.0,127.28,1005.61,0.99
2024-02-22,67.65,140.39,6.18,11.95,11.25,41.27,7.91,0.71,23.05,3.35,3.14,,,0.96,0.95,24.62,95.66,0.35,173.9,0.03,0.03,123.21,1005.63,1.0
2024-02-23,48.34,92.81,6.53,13.12,12.15,38.31,6.31,0.54,17.65,4.07,4.32,,,1.08,1.08,23.9,68.27,0.38,128.27,0.0,0.0,149.23,1008.2,1.02
2024-02-24,59.65,122.74,6.37,14.6,12.79,38.64,9.41,0.58,13.42,4.08,4.34,,,1.08,1.09,23.56,61.2,0.42,123.14,0.0,0.0,130.78,1010.87,1.03
2024-02-25,49.76,102.51,6.08,13.22,11.83,38.02,7.96,0.47,16.85,4.1,4.34,,,1.08,1.08,22.28,60.94,0.54,131.54,0.0,0.0,101.3,1011.87,1.0
2024-02-26,51.64,109.18,5.95,14.29,12.28,38.7,10.81,0.49,15.65,4.1,4.36,,,1.09,1.09,23.35,54.69,0.26,82.39,0.0,0.0,124.98,1012.3,0.99
2024-02-27,65.02,128.5,6.01,19.3,14.95,39.86,11.18,0.54,16.8,4.08,4.47,,,1.1,1.1,23.46,43.49,0.17,133.1,0.0,0.0,97.55,1011.1,1.01
2024-02-28,72.47,140.94,6.1,20.59,15.7,42.29,13.75,0.71,24.7,4.08,4.31,,,1.08,1.07,23.89,60.8,0.18,232.51,0.0,0.0,126.02,1008.68,0.99
2024-02-29,72.06,141.32,8.48,20.59,17.61,42.69,10.6,0.72,6.74,3.99,4.2,,,1.1,1.09,24.61,53.94,0.16,183.2,0.0,0.0,147.7,1009.49,1.01
2024-03-01,52.63,115.55,4.37,23.04,16.67,38.76,5.26,1.62,42.51,3.33,3.08,,,0.95,0.94,27.6,41.93,0.14,193.93,0.0,0.0,153.44,1009.21,0.99
2024-03-02,76.57,140.54,5.09,21.09,16.93,40.24,5.69,1.84,6.85,4.06,4.36,,,1.09,1.08,28.07,63.37,0.16,222.8,0.0,0.0,129.05,1009.22,1.01
2024-03-03,64.19,120.98,4.78,14.5,13.24,40.06,5.29,0.8,8.3,4.08,4.36,,,1.09,1.1,30.28,72.66,0.25,181.09,0.0,0.0,115.26,1008.63,1.02
2024-03-04,63.05,125.21,4.41,14.89,13.15,39.61,2.86,1.23,6.38,4.07,4.35,,,1.09,1.09,29.36,67.13,0.36,184.53,0.0,0.0,123.68,1008.76,1.0
2024-03-05,59.38,110.72,4.53,16.07,13.85,39.54,4.4,0.87,10.81,4.08,4.35,,,1.09,1.08,28.65,69.03,0.23,172.07,0.0,0.0,152.8,1008.86,0.99
2024-03-06,55.77,111.59,5.37,17.9,15.49,38.8,4.25,1.11,24.61,4.08,4.34,,,1.08,1.08,26.96,55.66,0.25,126.28,0.0,0.0,156.73,1009.07,1.0
2024-03-07,67.55,129.83,5.97,20.29,17.35,36.45,4.96,1.53,8.9,4.07,4.35,,,1.11,1.12,25.01,52.75,0.22,161.27,0.0,0.0,75.08,1008.53,1.0
2024-03-08,50.84,104.39,7.4,15.79,16.02,34.42,9.99,1.82,24.4,3.72,3.64,,,1.0,1.0,28.22,34.12,0.19,164.12,0.0,0.0,161.69,1008.58,0.85
2024-03-09,62.74,134.89,18.59,18.04,26.16,42.08,7.35,3.81,11.17,4.08,4.35,,,1.09,1.09,26.9,40.18,0.21,164.34,0.0,0.0,172.89,1009.7,0.97
2024-03-10,71.0,145.98,9.35,16.94,18.18,37.47,9.1,3.4,11.85,4.04,4.61,,,1.1,1.11,26.28,41.29,0.19,173.62,0.0,0.0,116.17,1011.19,1.05
2024-03-11,80.57,185.04,6.52,17.44,16.17,37.34,11.22,3.54,12.52,4.07,4.35,,,1.09,1.08,26.68,40.88,0.28,238.55,0.0,0.0,158.81,1010.52,1.07
2024-03-12,46.97,103.2,4.95,12.51,12.34,37.94,7.26,2.34,11.81,4.07,4.34,,,1.09,1.09,29.54,85.0,0.36,194.59,0.0,0.0,117.83,1007.98,0.98
2024-03-13,36.42,74.1,5.38,10.28,11.52,38.3,4.35,1.65,23.15,4.01,4.25,,,1.07,1.06,31.14,79.2,0.56,192.2,0.0,0.0,157.89,1007.66,1.03
2024-03-14,41.18,85.72,3.95,11.07,10.78,37.55,7.9,1.27,37.3,3.34,3.74,,,0.75,1.14,31.26,88.79,0.43,236.49,0.0,0.0,126.48,1007.17,1.0
2024-03-15,41.76,97.58,3.93,10.04,10.23,35.87,6.24,1.04,40.8,1.95,1.37,,,0.37,1.01,32.24,80.03,0.45,179.99,0.11,0.1,188.56,1007.18,1.0
2024-03-16,29.46,65.53,4.14,10.32,10.54,37.0,1.87,0.95,23.24,1.96,1.45,,,0.37,1.01,29.15,98.39,0.32,203.27,0.0,0.0,192.52,1009.98,1.04
2024-03-17,,,,,,,,,,,,,,,,,,,,,0.0,,,
2024-03-18,54.85,97.13,7.85,21.07,19.13,41.83,7.58,0.68,48.1,2.39,3.02,,,1.14,1.02,28.48,85.35,0.24,180.09,0.01,0.01,131.94,1007.88,0.99
2024-03-19,46.16,97.18,6.73,23.03,19.26,44.77,14.91,0.34,47.5,2.19,2.59,,,0.53,1.03,29.26,66.99,0.27,215.57,0.0,0.0,93.85,1008.43,0.99
2024-03-20,18.68,47.47,3.14,19.51,14.54,41.49,12.52,0.26,26.71,2.32,3.54,,,0.41,1.0,24.03,99.57,0.35,206.23,0.16,0.16,35.2,1010.62,0.96
2024-03-21,21.14,58.72,3.39,19.15,14.55,39.65,13.06,0.38,33.29,2.57,4.94,,,0.41,1.0,24.33,86.9,0.38,163.07,0.0,0.0,169.31,1009.29,1.0
2024-03-22,37.2,92.16,4.55,23.73,17.87,40.13,14.34,0.5,53.28,2.55,5.53,,,0.43,1.0,24.35,78.5,0.26,151.59,0.0,0.0,132.59,1006.13,0.95
2024-03-23,45.94,98.86,3.2,16.08,12.79,39.53,13.52,0.48,48.65,2.52,4.6,,,0.42,1.01,27.61,81.21,0.47,242.65,0.0,0.0,166.69,1004.57,0.99
2024-03-24,27.96,72.92,2.4,13.32,10.71,37.63,13.58,0.47,53.26,2.39,4.25,,,0.36,1.0,29.37,77.95,0.75,250.38,0.0,0.0,202.9,1006.09,0.98
2024-03-25,,,,,,,,,,,,,,,,,,,,,0.0,,,
2024-03-26,29.07,59.18,2.76,12.93,10.8,40.19,11.76,0.45,54.6,2.63,4.77,,,0.56,1.14,28.4,79.7,0.73,173.17,0.0,0.0,148.87,1007.72,1.06
2024-03-27,27.09,69.8,2.0,13.45,10.46,36.67,11.54,0.48,48.72,2.48,4.33,,,0.36,1.13,30.61,82.27,0.47,244.9,0.0,0.0,172.74,1008.4,1.02
2024-03-28,35.59,85.3,3.7,14.98,12.62,35.5,11.58,0.53,52.16,2.5,4.47,,,0.37,1.16,31.78,76.69,0.36,185.48,0.0,0.0,179.74,1005.97,0.99
2024-03-29,32.32,84.92,5.81,9.58,11.5,35.38,9.95,0.45,54.32,2.47,4.32,,,0.35,1.15,31.75,88.93,0.69,185.13,0.0,0.0,149.39,1004.62,1.03
2024-03-30,29.1,76.57,6.16,11.52,12.78,34.71,9.36,0.42,42.88,3.33,3.92,,,0.7,1.55,32.53,90.73,0.62,214.49,0.0,0.0,163.74,1005.66,1.0
2024-03-31,30.66,85.8,5.79,11.14,12.29,34.22,11.22,0.45,58.84,4.7,4.98,,,1.51,2.7,32.79,84.01,0.65,225.58,0.0,0.0,182.12,1005.39,0.98
2024-04-01,44.65,99.86,5.83,15.26,14.47,34.88,12.98,0.59,78.28,4.72,5.05,,,1.48,2.63,34.35,60.17,0.52,254.2,0.0,0.0,212.05,1001.8,0.97
2024-04-02,40.98,103.39,6.03,20.35,16.61,35.09,10.33,0.52,59.71,4.61,5.4,,,1.42,2.28,33.54,61.22,0.34,197.35,0.0,0.0,203.51,1001.68,0.97
2024-04-03,40.31,96.94,5.3,21.13,15.44,31.18,6.16,0.45,49.65,4.05,6.31,,,0.43,1.59,33.56,75.25,0.49,201.55,0.0,0.0,202.31,1003.61,1.03
2024-04-04,32.94,68.88,5.13,17.14,13.21,31.22,4.14,0.39,41.77,3.85,6.12,,,0.41,1.51,32.76,86.91,0.8,243.42,0.0,0.0,211.13,1003.03,0.98
2024-04-05,46.06,91.48,5.73,18.65,12.72,31.06,5.27,0.5,48.68,3.69,6.28,,,0.63,7.01,34.1,83.79,0.67,200.47,0.0,0.0,193.36,1001.42,0.99
2024-04-06,44.5,85.59,7.62,15.2,11.02,29.42,3.38,0.41,47.43,2.1,4.38,,,0.39,4.02,34.18,85.78,0.46,206.02,0.0,0.0,199.72,1001.88,1.08
2024-04-07,33.27,67.29,7.74,22.4,18.05,27.5,4.62,0.51,46.72,3.2,5.55,,,0.44,1.08,30.2,94.59,0.52,211.4,0.03,0.02,50.55,1003.7,0.98
2024-04-08,40.63,77.22,7.55,29.04,21.37,27.75,8.35,0.53,37.94,4.1,8.04,,,1.5,3.43,30.87,63.05,0.37,250.09,0.0,0.0,119.35,1006.31,0.96
2024-04-09,42.1,86.67,6.86,31.38,19.1,27.59,11.1,0.75,47.73,5.6,7.33,,,1.25,0.59,31.7,47.9,0.2,218.63,0.0,0.0,205.85,1006.25,1.0
2024-04-10,72.61,134.45,9.95,55.3,1.56,25.26,9.22,0.89,46.53,7.82,4.21,,,1.18,0.72,31.6,65.08,0.15,206.2,0.0,0.0,111.34,1006.27,0.93
2024-04-11,79.41,145.02,5.85,33.32,22.24,29.61,7.16,1.0,35.01,8.8,3.25,,,1.11,0.59,30.16,66.85,0.2,196.89,0.0,0.0,87.38,1007.64,0.96
2024-04-12,42.19,91.99,7.77,17.27,15.4,29.69,7.4,0.65,57.65,3.21,1.89,,,0.97,0.68,31.91,46.99,0.37,197.15,0.0,0.0,213.25,1007.09,1.0
2024-04-13,48.35,100.3,7.39,17.48,15.2,30.32,8.68,0.64,71.19,2.9,1.65,,,0.46,0.17,32.35,46.87,0.4,204.21,0.0,0.0,227.85,1006.31,1.03
2024-04-14,43.02,85.44,7.36,16.16,14.49,30.31,7.72,0.53,71.21,2.35,1.19,,,0.31,0.12,34.67,44.17,0.35,216.81,0.0,0.0,267.94,1006.21,1.02
2024-04-15,42.48,85.87,7.38,11.88,12.27,31.25,5.77,0.55,67.84,1.97,1.07,,,0.17,0.06,34.57,62.23,0.63,230.4,0.0,0.0,255.41,1005.05,1.0
2024-04-16,36.97,76.93,8.41,17.02,15.78,31.66,5.89,0.55,60.57,2.21,1.47,,,0.24,0.09,36.26,62.31,0.49,241.74,0.0,0.0,286.73,1002.5,0.97
2024-04-17,47.72,95.98,9.48,26.17,21.42,32.47,7.36,0.68,67.25,3.45,1.58,,,0.29,0.16,36.68,62.04,0.41,237.35,0.0,0.0,244.25,1000.8,0.98
2024-04-18,40.13,93.07,10.29,36.97,27.71,29.78,6.08,0.69,62.51,4.44,2.74,,,0.67,0.29,36.64,48.9,0.38,232.85,0.0,0.0,259.61,1000.51,0.98
2024-04-19,38.39,95.47,7.93,24.33,19.21,31.94,12.13,0.58,81.97,1.85,0.98,,,0.34,0.18,36.65,45.24,1.09,253.24,0.0,0.0,244.83,998.41,0.96
2024-04-20,31.41,71.33,7.97,20.61,17.31,32.42,9.32,0.57,60.81,1.51,0.94,,,0.27,0.15,36.52,71.21,0.97,252.2,0.0,0.0,271.66,997.9,0.94
2024-04-21,33.89,78.88,7.99,21.31,17.69,31.13,7.79,0.56,60.62,1.53,0.8,,,0.26,0.14,36.28,65.27,0.63,231.81,0.0,0.0,247.39,999.05,0.97
2024-04-22,41.62,102.65,8.4,36.35,25.88,29.85,8.4,0.74,60.24,4.57,2.51,,,0.71,0.28,35.57,50.27,0.33,239.87,0.0,0.0,214.85,1001.13,1.0
2024-04-23,44.34,83.92,9.87,35.37,26.54,32.26,18.68,0.7,63.59,4.24,2.12,,,0.6,0.3,35.67,31.67,0.36,248.46,0.0,0.0,241.14,1000.82,0.96
2024-04-24,42.1,82.9,7.9,24.24,19.14,33.62,26.52,0.69,82.83,3.38,1.43,,,0.42,0.21,36.27,38.01,0.72,248.57,0.0,0.0,231.38,1000.15,0.92
2024-04-25,35.73,86.03,7.94,28.1,21.19,32.61,16.93,0.69,79.88,2.92,1.48,,,0.44,0.21,36.51,35.88,0.45,189.16,0.0,0.0,207.01,1000.52,0.97
2024-04-26,36.98,74.04,11.04,19.63,17.69,37.33,7.46,0.64,48.08,3.16,1.62,,,0.46,0.59,35.24,73.01,0.69,242.4,0.0,0.0,227.08,1000.41,0.92
2024-04-27,28.53,65.25,6.49,17.03,14.21,36.86,9.43,0.6,57.02,1.58,3.27,,,0.1,0.18,36.22,68.04,0.53,220.43,0.0,0.0,338.61,1000.62,0.96
2024-04-28,,,,,,,,,,,,,,,,,,,,,0.0,,,
2024-04-29,53.66,98.07,6.43,21.42,16.46,39.21,8.83,0.28,74.38,5.38,6.24,,,0.28,0.71,38.57,39.62,0.84,253.54,0.0,0.0,116.32,1000.0,0.88
2024-04-30,41.35,81.39,6.02,18.84,14.78,38.85,12.21,0.69,61.4,2.88,4.13,,,0.14,0.28,38.85,50.95,0.87,254.7,0.0,0.0,250.53,996.94,0.89
2024-05-01,41.4,114.4,6.01,20.77,15.78,37.23,13.29,0.62,66.94,3.11,3.25,,,0.11,0.21,40.56,36.65,0.61,201.42,0.0,0.0,259.67,996.25,0.96
2024-05-02,32.86,85.19,6.03,18.43,14.57,38.41,11.84,0.56,56.17,3.21,3.79,,,0.13,0.23,44.32,70.42,0.82,245.69,0.0,0.0,208.43,996.88,0.89
2024-05-03,30.53,88.74,6.26,18.01,14.54,36.75,10.92,0.5,47.91,2.69,3.13,,,0.09,0.18,35.62,63.77,0.65,183.36,0.0,0.0,255.29,1000.68,0.99
2024-05-04,25.31,64.21,6.0,14.64,12.57,36.08,10.62,0.44,36.75,1.18,2.25,,,0.05,0.11,34.74,80.89,0.98,248.67,0.0,0.0,232.9,1001.0,0.84
2024-05-05,23.61,55.6,5.96,14.11,12.26,35.41,10.49,0.44,38.45,0.7,1.96,,,0.03,0.08,34.39,82.98,1.29,250.4,0.0,0.0,251.31,998.46,0.78
2024-05-06,18.42,48.23,6.01,13.56,12.01,34.66,9.54,0.44,32.96,1.63,2.13,,,0.05,0.09,33.43,87.79,1.29,236.02,0.62,0.6,146.87,999.08,0.79
2024-05-07,11.4,25.8,5.93,16.65,13.56,35.12,11.4,0.47,45.85,2.9,2.76,,,0.09,0.18,31.26,81.95,0.56,182.62,0.05,0.05,237.04,1000.79,1.0
2024-05-08,10.11,18.69,5.89,14.5,12.41,35.31,12.86,0.48,46.07,1.15,1.98,,,0.04,0.1,29.06,92.08,0.6,169.8,0.18,0.18,215.24,1005.65,1.01
2024-05-09,11.57,24.23,5.95,15.77,13.12,36.21,7.18,0.52,39.59,1.92,3.87,,,0.1,0.2,28.03,99.17,0.53,141.19,0.63,0.63,129.67,1004.67,1.01
2024-05-10,14.01,33.36,6.18,20.43,15.74,36.48,9.35,0.57,33.78,2.66,4.58,,,0.15,0.31,30.23,90.06,0.45,187.9,0.0,0.0,178.98,1005.14,1.0
2024-05-11,15.19,36.14,6.07,16.94,13.83,35.38,7.16,0.52,31.34,1.9,2.81,,,0.09,0.19,29.89,96.31,0.73,208.18,0.05,0.05,159.57,1004.53,1.0
2024-05-12,18.14,44.27,5.95,17.97,14.27,35.17,9.24,0.58,41.66,2.43,3.89,,,0.1,0.23,30.93,82.31,0.4,164.31,0.0,0.0,231.5,1005.08,1.03
2024-05-13,18.62,49.98,5.95,18.13,14.35,35.25,9.19,0.56,40.72,2.41,3.0,,,0.09,0.21,33.31,78.48,0.39,207.06,0.0,0.0,237.92,1004.44,1.0
2024-05-14,22.87,56.49,6.08,17.77,14.27,34.91,7.62,0.55,33.76,2.22,3.01,,,0.08,0.17,33.23,81.36,0.5,219.4,0.0,0.0,211.05,1004.52,0.97
2024-05-15,15.54,42.38,7.44,17.33,15.02,35.39,8.33,0.55,30.95,3.34,2.8,,,0.22,0.35,33.42,75.09,0.63,225.1,0.0,0.0,256.63,1005.35,0.99
2024-05-16,14.73,40.04,6.17,17.16,14.03,34.16,7.3,0.41,28.9,3.24,3.25,,,0.08,0.22,34.5,78.98,0.6,234.32,0.0,0.0,216.94,1004.24,1.01
2024-05-17,12.6,35.18,6.04,16.36,13.5,33.43,7.24,0.41,35.47,2.47,2.82,,,0.07,0.14,35.63,76.51,0.91,255.92,0.0,0.0,227.15,1002.12,0.93
2024-05-18,19.0,45.5,5.94,18.18,14.37,33.19,8.3,0.48,48.83,2.56,2.99,,,0.08,0.12,34.84,79.16,0.8,216.65,0.0,0.0,175.96,1000.54,1.01
2024-05-19,19.26,46.8,6.0,17.13,13.87,32.71,7.84,0.46,34.23,1.89,2.28,,,0.05,0.1,34.76,72.92,0.58,247.14,0.0,0.0,145.51,999.18,0.99
2024-05-20,6.98,21.07,6.21,15.59,13.24,32.26,6.35,0.41,22.82,1.14,1.99,,,0.04,0.08,31.19,81.64,0.62,185.9,0.07,0.06,132.26,1001.14,1.04
2024-05-21,10.47,33.9,6.4,18.79,15.06,32.66,7.57,0.49,22.16,3.47,3.91,,,0.11,0.24,32.82,84.63,0.42,183.25,0.0,0.0,164.33,1000.93,1.02
2024-05-22,9.74,30.17,8.13,20.7,17.44,33.48,5.05,0.56,16.59,5.64,5.47,,,0.36,0.63,33.07,91.66,0.32,200.05,0.4,0.4,218.55,1002.49,1.03
2024-05-23,15.56,36.11,9.36,16.91,14.85,35.51,6.55,0.49,15.87,4.08,3.24,,,0.41,0.57,34.21,81.91,0.33,184.02,0.0,0.0,276.68,1001.11,1.03
2024-05-24,13.88,45.82,5.58,17.19,13.61,35.22,9.05,0.51,26.97,2.97,2.95,,,0.12,0.24,35.55,80.36,0.64,165.46,0.0,0.0,285.9,997.23,1.07
2024-05-25,14.07,43.09,5.47,16.38,13.09,34.45,8.22,0.5,29.09,1.79,2.58,,,0.08,0.14,35.01,85.37,0.8,121.76,0.0,0.0,241.78,994.9,1.14
2024-05-26,8.99,27.2,5.33,13.37,11.41,34.36,9.84,0.44,21.03,0.32,1.11,,,0.01,0.03,31.23,99.34,1.15,94.83,0.54,0.53,104.55,989.57,1.05
2024-05-27,8.71,26.08,5.28,12.39,10.85,34.66,9.73,0.44,30.46,0.18,0.98,,,0.02,0.02,28.43,99.57,1.23,59.24,3.77,0.24,31.17,980.78,0.95
2024-05-28,27.08,71.63,5.39,17.38,13.56,33.59,8.3,0.59,40.66,2.04,2.69,,,0.08,0.15,29.59,96.95,0.8,226.57,0.0,0.0,186.94,993.18,0.93
2024-05-29,25.83,76.5,5.26,14.29,11.83,32.97,7.39,0.52,34.89,0.97,2.16,,,0.04,0.08,29.34,99.39,1.25,254.89,0.0,0.0,150.49,994.28,0.8
2024-05-30,26.44,71.58,5.3,14.51,11.98,32.45,6.61,0.51,29.6,1.18,1.98,,,0.08,0.1,29.24,99.33,1.0,255.24,0.0,0.0,120.87,995.3,0.86
2024-05-31,16.98,44.04,5.33,17.84,13.75,32.42,7.88,0.62,37.19,3.15,3.19,,,0.08,0.17,24.17,99.56,0.43,197.56,0.26,0.26,71.09,999.44,0.99
2024-06-01,17.29,50.11,5.44,13.89,11.76,33.0,7.15,0.52,18.95,1.3,1.77,,,0.02,0.05,28.43,94.72,0.48,234.97,0.0,0.0,215.56,1000.29,0.96
2024-06-02,18.26,53.49,5.38,14.35,11.97,33.0,6.12,0.52,19.18,1.06,1.9,,,0.1,0.09,28.79,97.63,0.68,227.33,0.0,0.0,130.56,1000.18,0.94
2024-06-03,18.58,52.1,6.11,17.75,14.19,37.4,8.39,0.57,42.93,4.5,4.38,,,0.73,0.84,28.46,91.15,0.73,259.76,0.0,0.0,139.84,1000.04,0.91
2024-06-04,21.18,53.41,5.36,18.18,13.94,35.88,8.42,0.56,39.86,2.5,6.11,,,0.25,0.25,29.01,89.78,0.63,253.15,0.01,0.01,208.33,999.88,1.0
2024-06-05,30.9,67.7,5.64,24.39,17.42,34.74,9.96,0.68,44.74,3.06,8.2,,,0.14,0.18,29.01,85.67,0.34,211.05,0.0,0.0,208.69,1000.1,1.05
2024-06-06,33.53,76.08,5.26,22.53,16.14,34.36,7.32,0.69,44.65,3.48,6.67,,,0.15,0.2,29.51,87.73,0.38,223.01,0.0,0.0,143.72,999.88,1.03
2024-06-07,28.52,71.08,5.27,22.67,16.22,33.79,7.83,0.67,47.81,4.56,7.53,,,0.19,0.28,30.17,82.56,0.54,258.08,0.0,0.0,213.17,998.47,0.99
2024-06-08,21.24,61.11,5.23,19.2,14.38,33.45,9.15,0.62,43.77,2.77,6.34,,,0.11,0.17,29.73,86.53,0.74,256.1,0.0,0.0,199.89,997.22,0.95
2024-06-09,24.03,66.49,5.23,19.27,14.41,33.24,7.14,0.62,47.07,2.1,5.7,,,0.07,0.11,30.82,90.59,0.6,251.76,0.0,0.0,186.61,996.31,0.97
2024-06-10,21.84,63.41,5.73,18.29,14.31,32.93,6.81,0.64,46.17,1.75,5.52,,,0.07,0.18,31.25,85.06,0.57,237.14,0.0,0.0,203.13,996.82,1.0
2024-06-11,15.42,51.62,6.3,17.09,14.14,32.55,8.06,0.6,31.59,1.15,5.2,,,0.05,0.07,30.19,91.78,0.5,232.87,0.0,0.0,196.18,996.91,0.97
2024-06-12,18.46,54.89,8.15,26.14,20.36,37.28,6.52,0.62,38.56,1.04,4.99,,,0.04,0.06,29.56,92.26,0.57,241.35,0.17,0.17,175.35,996.79,0.96
2024-06-13,24.58,54.02,6.75,17.18,14.55,33.47,7.2,0.65,38.81,1.38,5.56,,,0.05,0.08,29.21,94.62,0.57,248.84,0.0,0.0,194.18,996.92,0.97
2024-06-14,28.2,70.14,6.85,17.65,16.63,32.71,7.19,0.71,49.42,1.77,5.57,,,0.05,0.07,30.56,86.95,0.44,232.56,0.0,0.0,187.98,995.26,0.99
2024-06-15,28.59,62.68,7.41,16.54,20.08,32.11,6.46,0.7,45.18,1.57,5.29,,,0.05,0.07,30.34,88.37,0.52,247.95,0.0,0.0,178.18,995.55,0.98
2024-06-16,21.45,56.1,7.37,15.28,19.38,31.35,7.63,0.67,42.0,1.25,5.32,,,0.05,0.05,30.21,86.43,0.45,249.92,0.0,0.0,177.68,997.56,0.98
2024-06-17,23.37,59.76,7.47,14.36,19.02,31.98,6.13,0.67,41.12,0.95,4.94,,,0.03,0.15,30.17,93.52,0.66,254.8,0.0,0.0,154.84,997.88,0.95
2024-06-18,26.48,60.8,7.88,16.07,20.21,31.66,6.2,0.7,41.01,0.94,5.03,,,0.03,0.05,29.8,99.36,0.64,255.7,0.02,0.02,110.25,996.2,0.97
2024-06-19,24.33,52.97,10.1,30.93,27.83,32.21,7.57,0.72,29.39,1.12,4.06,,,0.03,0.06,28.55,99.48,0.47,244.42,0.0,0.0,61.8,995.02,0.44
2024-06-20,15.31,41.45,7.87,37.51,26.09,26.15,6.74,0.7,13.06,1.01,5.15,,,0.03,0.05,27.1,97.13,0.42,231.31,0.1,0.1,114.12,996.07,-0.1
2024-06-21,19.06,36.15,7.92,40.49,27.69,26.43,8.12,0.77,22.98,2.34,5.36,,,0.34,0.4,26.27,99.52,0.34,158.49,0.0,0.0,70.5,997.41,-0.05
2024-06-22,14.74,29.07,7.9,37.44,26.08,25.67,7.51,0.72,13.61,1.83,6.31,,,0.09,0.14,28.26,93.2,0.21,206.1,0.02,0.02,163.47,997.24,-0.08
2024-06-23,9.85,24.41,7.86,34.96,24.75,25.46,6.48,0.69,13.63,1.36,5.77,,,0.06,0.09,28.4,94.01,0.24,229.88,0.0,0.0,181.88,997.98,-0.06
2024-06-24,16.08,36.37,7.9,36.21,25.44,25.25,7.62,0.73,13.8,1.5,5.61,,,0.04,0.08,29.04,89.64,0.31,250.98,0.0,0.0,161.64,996.97,0.0
2024-06-25,17.47,45.13,7.88,35.29,24.94,25.07,7.38,0.73,14.49,1.38,5.34,,,0.03,0.06,29.83,85.75,0.36,232.61,0.0,0.0,187.44,996.04,0.0
2024-06-26,11.0,26.74,7.98,34.26,24.48,24.85,7.34,0.71,13.68,1.28,5.15,,,0.02,0.04,29.46,86.58,0.3,161.1,0.0,0.0,173.13,996.87,0.06
2024-06-27,5.62,11.26,7.93,34.16,24.39,25.17,8.18,0.71,13.74,0.97,3.85,,,0.03,0.04,27.31,98.5,0.66,122.1,0.15,0.14,125.21,997.88,0.13
2024-06-28,5.41,17.38,8.49,35.65,25.62,25.44,7.54,0.77,15.72,1.4,4.06,,,0.15,0.2,26.78,99.54,0.32,129.07,0.23,0.22,67.71,995.96,0.06
2024-06-29,11.12,34.44,8.03,38.09,26.52,24.65,9.4,0.86,12.53,4.58,9.83,,,0.19,0.29,26.36,99.53,0.19,243.04,0.04,0.04,98.99,995.66,0.0
2024-06-30,19.83,50.84,7.93,38.88,26.86,24.54,9.12,0.91,12.67,4.18,7.9,,,0.13,0.24,27.34,99.54,0.33,257.4,0.0,0.0,72.87,996.03,0.02
2024-07-01,19.66,53.58,7.99,40.44,27.72,24.09,9.95,0.89,12.87,3.67,7.54,,,0.1,0.2,27.19,99.54,0.43,261.72,0.02,0.02,67.18,995.63,0.02
2024-07-02,15.84,41.62,8.22,42.51,28.99,23.9,10.34,0.9,11.38,6.49,9.75,,,0.2,0.38,25.11,99.55,0.33,260.17,0.05,0.05,40.96,994.94,0.02
2024-07-03,18.36,46.53,8.19,41.61,28.49,23.96,9.91,0.87,11.68,4.01,8.86,,,0.16,0.26,24.86,99.54,0.21,243.08,0.37,0.37,72.23,996.95,0.01
2024-07-04,20.26,50.89,8.27,40.5,27.97,24.58,8.91,0.92,12.71,4.62,8.03,,,0.22,0.34,26.03,99.54,0.18,229.37,0.0,0.0,82.56,999.04,-0.16
2024-07-05,18.03,48.94,7.86,36.24,25.42,24.36,8.15,0.82,13.12,2.56,6.96,,,0.12,0.19,27.8,99.12,0.43,252.66,0.0,0.0,126.38,997.05,-0.02
2024-07-06,20.08,48.24,7.96,35.93,25.34,24.42,7.5,0.82,12.21,2.29,6.81,,,0.1,0.16,26.87,98.12,0.2,224.06,0.0,0.0,93.99,997.32,0.03
2024-07-07,10.02,33.99,7.99,34.64,24.69,24.39,7.9,0.8,12.55,1.57,6.41,,,0.06,0.11,26.84,97.9,0.17,185.61,0.05,0.05,152.95,999.58,0.02
2024-07-08,15.51,35.31,8.68,31.38,23.54,25.6,7.25,0.78,20.36,1.45,4.97,,,0.12,0.13,27.86,93.47,0.16,181.76,0.0,0.0,141.12,1000.35,0.04
2024-07-09,18.55,30.92,11.77,18.17,19.11,26.91,7.67,0.79,31.06,1.22,4.44,,,0.24,0.21,28.34,92.37,0.21,198.13,0.01,0.01,167.27,1001.34,0.0
2024-07-10,24.02,42.39,11.59,19.21,19.51,27.39,9.21,0.8,29.56,1.82,5.53,,,0.27,0.24,28.92,86.41,0.45,257.42,0.0,0.0,193.58,1001.36,-0.0
2024-07-11,32.97,58.08,11.48,20.81,20.25,28.33,5.79,0.85,29.75,2.16,6.05,,,0.27,0.25,29.27,92.93,0.51,254.81,0.0,0.0,155.49,997.42,-0.0
2024-07-12,30.02,46.28,11.9,25.74,23.17,29.16,5.35,0.95,30.83,5.91,9.06,,,0.39,0.44,25.0,99.55,0.21,245.08,0.3,0.3,60.42,998.05,0.01
2024-07-13,31.16,43.17,11.53,18.19,18.93,29.8,6.67,0.86,30.06,2.41,6.93,,,0.31,0.3,28.25,94.63,0.19,187.12,0.0,0.0,212.84,994.32,0.02
2024-07-14,21.27,32.78,11.61,16.99,18.36,29.81,5.52,0.84,29.58,1.06,5.34,,,0.23,0.19,27.48,97.25,0.27,129.98,0.19,0.19,181.37,994.21,0.04
2024-07-15,13.29,21.94,11.59,16.79,18.25,30.13,6.87,0.82,31.38,0.93,4.19,,,0.23,0.19,27.11,99.54,0.64,121.06,0.11,0.11,149.47,996.3,0.11
2024-07-16,12.75,21.53,11.69,17.58,18.74,30.0,8.19,0.82,29.01,1.03,4.84,,,0.25,0.2,27.25,99.44,0.28,134.72,0.08,0.08,123.36,997.79,0.04
2024-07-17,15.01,23.65,11.64,17.37,18.59,29.82,12.94,0.83,26.78,1.38,5.29,,,0.24,0.2,27.89,98.13,0.32,162.77,0.07,0.07,160.3,997.7,0.05
2024-07-18,14.16,25.34,11.6,16.67,18.19,29.87,13.43,0.82,27.06,1.29,4.96,,,0.24,0.21,28.66,92.75,0.58,116.67,0.0,0.0,148.79,995.0,0.11
2024-07-19,15.1,26.69,11.54,16.72,18.17,29.85,13.94,0.82,28.18,0.83,3.0,,,0.22,0.17,27.22,99.53,0.78,125.22,0.21,0.2,147.94,990.99,0.14
2024-07-20,13.72,28.33,11.48,15.51,17.49,29.48,10.79,0.81,27.66,1.09,3.44,,,0.33,0.25,27.79,97.54,0.84,120.01,0.03,0.03,173.51,993.41,0.16
2024-07-21,5.52,38.77,11.49,16.06,17.78,29.32,2.61,0.84,27.17,0.96,4.41,,,0.22,0.17,27.2,99.47,0.35,125.03,0.06,0.06,147.31,992.02,0.06
2024-07-22,8.03,25.93,9.83,17.77,17.33,23.29,5.7,0.88,23.96,1.13,5.87,,,0.29,0.24,26.25,99.53,0.16,189.74,0.2,0.2,111.26,987.53,0.01
2024-07-23,16.39,27.89,7.6,19.67,16.51,15.56,8.38,0.95,18.38,1.72,6.28,,,0.24,0.21,26.92,99.54,0.18,194.04,0.04,0.01,119.95,985.21,0.01
2024-07-24,23.6,47.13,7.65,22.6,18.08,16.19,8.69,0.99,13.46,3.05,7.5,,,0.32,0.3,27.47,99.15,0.23,247.18,0.0,0.0,106.0,988.11,0.0
2024-07-25,32.44,55.61,7.75,26.69,20.3,16.47,7.79,1.01,18.45,9.3,8.49,,,0.98,1.03,27.17,99.54,0.12,229.35,0.07,0.07,102.6,988.57,-0.02
2024-07-26,17.99,37.61,7.5,18.93,16.04,15.67,8.1,0.76,13.39,3.92,4.7,,,0.64,0.7,27.21,99.46,0.44,105.43,0.08,0.08,111.27,987.61,0.04
2024-07-27,10.26,26.59,7.53,16.79,14.95,16.03,7.46,0.73,12.6,1.43,2.97,,,0.26,0.22,26.81,99.31,0.39,129.68,0.1,0.1,119.86,984.99,0.04
2024-07-28,7.68,22.31,7.42,15.4,14.14,16.13,7.66,0.71,12.31,1.06,3.0,,,0.24,0.2,27.04,99.54,0.26,133.43,0.0,0.0,106.14,990.47,0.01
2024-07-29,10.29,22.61,7.3,19.53,16.52,15.53,7.17,0.74,11.99,1.28,3.52,,,0.27,0.23,27.49,97.35,0.21,164.01,0.02,0.02,193.58,994.72,-0.01
2024-07-30,22.71,34.97,6.48,19.61,16.38,15.48,7.69,0.77,12.25,2.55,4.42,,,0.35,0.32,26.94,99.53,0.23,244.27,0.18,0.18,113.74,996.89,0.01
2024-07-31,29.1,47.99,7.77,27.22,21.13,15.48,8.24,0.85,12.71,2.81,5.3,,,0.43,0.62,26.6,99.22,0.13,236.77,0.24,0.23,112.53,995.95,0.07
2024-08-01,25.37,34.32,7.98,24.57,19.37,15.79,7.66,0.83,12.03,0.89,3.69,,,0.21,0.36,24.51,99.56,0.35,250.52,0.46,0.45,44.74,994.94,0.03
2024-08-02,21.29,31.31,7.63,20.48,16.96,15.93,8.41,0.76,12.17,0.56,1.72,,,0.12,0.17,25.12,99.56,0.38,261.18,0.43,0.41,70.37,988.4,0.0
2024-08-03,16.57,25.12,7.61,17.34,15.3,16.05,6.25,0.74,11.94,0.27,1.44,,,0.15,0.45,25.0,99.56,0.19,233.84,0.49,0.48,46.74,978.7,-0.02
2024-08-04,19.56,36.52,7.59,18.83,16.06,15.84,5.92,0.76,11.94,0.41,2.0,,,0.22,0.66,26.61,99.45,0.14,198.3,0.0,0.0,113.27,994.52,-0.04
2024-08-05,26.2,39.01,7.64,21.47,17.48,15.88,6.99,0.81,12.11,0.72,2.44,,,0.29,0.75,26.58,98.8,0.16,234.82,0.23,0.22,110.06,1000.57,-0.0
2024-08-06,32.33,50.15,7.63,20.19,16.8,15.42,5.13,0.8,13.1,1.56,3.28,,,0.79,1.18,26.75,99.24,0.15,238.24,0.38,0.38,140.33,999.09,-0.01
2024-08-07,15.07,29.77,7.56,16.73,14.94,15.88,7.57,0.76,16.22,0.32,1.73,,,0.3,0.75,26.55,99.52,0.23,186.47,0.03,0.03,147.44,991.42,0.01
2024-08-08,20.47,33.9,7.68,17.23,15.3,16.05,11.71,0.78,15.13,0.34,1.71,,,0.21,0.63,26.31,99.55,0.1,195.67,0.02,0.02,79.88,996.63,0.01
2024-08-09,22.94,37.63,7.57,18.03,15.63,16.06,10.25,0.78,15.17,0.44,2.07,,,0.28,0.71,27.32,98.52,0.19,243.39,0.0,0.0,134.32,1002.07,-0.02
2024-08-10,29.48,44.87,7.58,20.03,16.69,16.04,10.83,0.84,15.33,0.78,2.38,,,0.32,0.8,26.28,99.51,0.11,225.77,0.01,0.01,67.56,1001.54,-0.0
2024-08-11,31.58,50.29,7.49,19.77,16.47,16.09,11.4,0.85,15.26,0.73,2.39,,,0.26,0.71,26.31,99.54,0.16,249.28,0.06,0.05,73.05,1001.42,0.09
2024-08-12,26.02,54.93,6.82,18.96,15.51,18.85,9.73,0.59,17.55,0.59,2.1,,,0.26,0.71,28.11,94.38,0.23,261.59,0.0,0.0,138.9,1001.0,1.0
2024-08-13,24.91,49.21,5.94,23.45,17.16,26.63,5.55,0.41,19.1,1.01,3.12,,,0.47,1.04,27.17,99.53,0.11,203.26,0.0,0.0,67.31,1002.14,1.0
2024-08-14,37.47,65.89,6.5,29.11,20.56,25.58,4.87,0.53,15.87,2.38,6.62,,,1.01,1.77,26.94,99.45,0.1,197.05,0.13,0.13,100.23,1000.64,0.98
2024-08-15,26.92,53.86,5.63,19.3,14.74,26.1,5.35,0.44,15.57,1.06,3.5,,,0.35,0.93,27.25,99.52,0.1,179.88,0.0,0.0,131.78,999.76,1.02
2024-08-16,29.5,48.45,5.78,23.65,17.13,26.62,8.76,0.58,19.48,2.22,5.77,,,1.14,1.86,26.37,99.54,0.12,204.12,0.06,0.06,62.06,998.92,0.99
2024-08-17,40.43,50.2,6.9,26.31,19.42,25.48,8.02,0.54,16.07,1.8,7.04,,,0.59,1.34,27.24,93.35,0.11,168.91,0.03,0.03,147.87,1000.38,0.98
2024-08-18,25.65,42.24,5.68,21.13,15.73,26.29,13.47,0.45,16.08,0.56,3.6,,,0.31,0.75,24.56,99.55,0.18,160.66,0.72,0.71,30.16,1001.45,0.99
2024-08-19,32.87,50.49,7.31,25.02,19.07,25.73,11.59,0.55,16.03,1.74,5.29,,,0.74,1.54,25.33,99.53,0.09,227.84,0.01,0.01,70.1,1003.81,0.97
2024-08-20,44.56,62.97,7.55,28.02,20.84,28.19,7.76,0.64,18.7,2.99,7.95,,,1.03,2.2,25.38,99.54,0.1,195.72,0.48,0.48,54.44,999.98,0.96
2024-08-21,49.59,65.15,5.66,24.87,17.67,25.87,10.46,0.54,16.37,1.41,4.8,,,0.45,1.09,26.66,99.47,0.17,255.52,0.13,0.13,100.28,1002.27,0.99
2024-08-22,50.84,72.28,5.62,24.74,17.57,26.46,8.69,0.53,20.79,1.44,3.82,,,0.42,1.04,26.48,99.52,0.14,250.22,0.25,0.24,80.48,1004.98,1.0
2024-08-23,31.64,51.88,6.05,25.11,18.11,27.02,8.82,0.53,17.27,1.25,3.94,,,0.41,1.02,24.36,99.55,0.1,226.36,0.16,0.16,37.23,996.86,0.96
2024-08-24,15.68,40.44,5.77,19.82,15.12,26.89,10.13,0.46,17.72,1.46,3.56,,,0.89,1.84,24.57,99.54,0.12,175.04,0.1,0.1,81.56,1002.86,0.98
2024-08-25,34.69,64.01,6.84,25.01,18.7,28.18,8.08,0.58,12.5,1.49,5.39,,,0.5,1.21,24.77,99.56,0.07,197.86,0.51,0.49,48.47,1006.69,0.8
2024-08-26,18.09,43.74,5.79,19.64,15.04,27.2,10.77,0.44,12.79,0.47,2.44,,,0.25,0.7,24.35,99.56,0.19,185.92,0.37,0.36,58.95,1004.4,1.02
2024-08-27,13.79,43.32,5.57,16.88,13.42,26.22,15.08,0.41,16.4,0.5,1.94,,,0.22,0.65,24.65,99.55,0.12,149.11,0.34,0.34,75.98,1007.54,0.98
2024-08-28,12.09,46.0,5.65,16.34,13.2,26.21,9.43,0.41,17.36,0.47,1.82,,,0.22,0.65,27.34,91.19,0.2,176.52,0.0,0.0,171.89,1016.33,1.02
2024-08-29,17.9,55.74,6.77,20.06,16.04,27.26,8.8,0.44,16.58,1.23,3.67,,,0.51,1.19,27.23,93.44,0.19,184.3,0.0,0.0,158.8,1009.29,1.03
2024-08-30,15.74,47.24,6.21,17.8,14.42,26.72,6.88,0.42,15.72,0.65,2.34,,,0.4,0.98,27.28,88.28,0.21,167.69,0.2,0.19,199.6,1000.71,1.02
2024-08-31,9.23,41.49,5.54,15.3,12.57,26.5,8.97,0.39,15.92,0.3,1.65,,,0.21,0.63,27.7,95.86,0.34,124.5,0.0,0.0,151.35,1006.01,1.02
2024-09-01,13.6,45.03,5.53,14.54,12.17,26.2,8.64,0.39,15.95,0.26,1.47,,,0.2,0.61,27.53,95.87,0.28,153.56,0.0,0.0,148.61,1007.65,1.0
2024-09-02,13.9,44.89,5.65,15.43,12.73,27.11,7.51,0.4,19.15,0.37,1.9,,,0.23,0.65,29.48,85.46,0.23,155.1,0.0,0.0,183.25,1005.88,0.99
2024-09-03,21.25,46.24,5.94,18.56,14.6,26.96,11.21,0.44,16.6,0.73,2.38,,,0.45,1.11,30.34,81.36,0.12,219.66,0.0,0.0,165.18,1001.81,0.99
2024-09-04,30.97,54.91,6.14,22.57,16.85,28.23,8.56,0.5,18.21,1.39,3.46,,,0.94,1.95,28.93,83.65,0.13,258.2,0.02,0.02,132.98,999.6,1.0
2024-09-05,28.77,52.68,5.88,19.22,14.89,28.27,7.48,0.48,17.47,1.02,2.29,,,0.32,0.77,29.95,76.47,0.15,217.5,0.0,0.0,177.81,998.15,0.98
2024-09-06,15.81,38.5,6.35,20.54,15.96,28.59,6.22,0.5,19.28,0.53,2.45,,,0.27,0.74,30.28,75.85,0.23,137.96,0.0,0.0,137.25,998.67,1.0
2024-09-07,17.46,52.18,7.45,19.91,16.51,29.59,10.11,0.52,20.0,0.7,5.22,,,0.49,0.93,29.91,80.25,0.17,177.19,0.01,0.01,119.37,998.59,0.99
2024-09-08,9.84,35.8,7.37,16.75,14.8,28.83,12.48,0.46,16.61,0.4,2.26,,,0.24,0.69,28.65,84.55,0.48,125.66,0.13,0.1,127.39,997.77,1.03
2024-09-09,6.36,32.08,7.45,15.95,14.44,28.69,10.28,0.45,16.91,0.26,1.68,,,0.21,0.61,28.24,86.28,0.59,132.88,0.16,0.15,128.02,984.99,1.04
2024-09-10,13.83,35.61,7.42,16.65,14.78,28.7,11.05,0.46,18.24,0.45,2.01,,,0.24,0.67,28.84,86.64,0.28,128.11,0.05,0.05,128.5,984.77,1.01
2024-09-11,25.87,45.71,7.55,22.74,18.07,27.97,9.54,0.56,21.98,1.39,3.66,,,0.95,1.63,29.01,89.27,0.14,209.2,0.01,0.01,104.63,997.81,0.95
2024-09-12,46.78,76.53,7.62,28.2,20.98,29.42,10.94,0.64,31.68,1.96,6.63,,,1.16,1.78,29.38,88.83,0.13,250.65,0.0,0.0,50.47,997.55,1.02
2024-09-13,43.5,76.21,7.6,25.02,19.31,28.9,11.57,0.4,31.71,0.94,5.67,,,0.45,0.94,27.76,92.08,0.17,202.3,0.4,0.4,49.53,990.79,0.99
2024-09-14,11.95,29.59,7.37,20.14,16.57,28.49,7.63,0.33,31.57,0.47,4.16,,,0.28,0.71,24.95,99.82,0.28,179.49,0.43,0.42,23.06,981.83,0.99
2024-09-15,6.11,26.02,7.32,17.05,14.92,28.09,10.44,0.3,31.01,0.38,2.06,,,0.22,0.64,24.72,99.81,0.2,214.3,0.11,0.11,27.45,981.24,1.01
2024-09-16,22.14,46.87,7.26,16.42,14.54,28.19,9.58,0.29,33.48,0.37,1.7,,,0.3,0.76,26.0,96.38,0.38,137.8,0.14,0.14,48.33,988.51,1.01
2024-09-17,26.67,59.32,7.33,16.55,14.66,28.07,12.65,0.27,30.93,0.32,1.72,,,0.21,0.63,28.51,86.05,0.28,154.76,0.0,0.0,145.64,1003.04,1.02
2024-09-18,24.17,60.23,7.66,22.4,17.99,27.68,13.91,0.32,30.13,0.54,3.15,,,0.27,0.79,29.15,80.54,0.09,182.95,0.0,0.0,166.05,1000.14,1.0
2024-09-19,63.12,105.13,8.58,30.49,22.94,29.27,12.92,0.46,38.91,1.3,5.7,,,0.59,1.22,30.12,82.22,0.09,226.32,0.0,0.0,131.24,999.56,0.99
2024-09-20,70.21,97.66,7.37,26.72,20.01,28.65,7.22,0.44,26.24,1.04,7.04,,,0.58,1.2,31.33,78.65,0.13,196.59,0.0,0.0,120.67,999.31,1.0
2024-09-21,38.21,63.19,7.49,22.17,17.73,27.7,11.87,0.34,21.35,0.54,4.22,,,0.37,0.86,29.53,79.34,0.21,165.38,0.04,0.04,133.1,999.69,1.02
2024-09-22,34.01,63.53,7.51,22.22,17.77,28.15,9.73,0.37,28.85,0.76,3.85,,,0.34,0.83,30.96,77.81,0.11,141.25,0.0,0.0,153.66,1000.19,1.0
2024-09-23,55.51,82.67,7.88,24.95,19.49,29.07,6.94,0.43,33.4,1.15,4.77,,,0.51,1.03,30.33,87.29,0.1,172.29,0.08,0.08,75.22,998.42,1.0
2024-09-24,9.98,23.94,7.41,17.09,15.01,30.12,8.87,0.23,30.38,0.58,2.4,,,0.63,1.09,27.48,93.41,0.56,137.86,0.11,0.11,65.83,999.88,0.99
2024-09-25,6.84,22.29,7.54,17.66,15.41,30.68,10.98,0.2,31.49,0.41,1.77,,,0.24,0.69,25.76,98.75,0.25,122.55,0.39,0.38,34.72,994.1,1.0
2024-09-26,7.6,27.23,7.87,18.96,16.36,29.92,11.06,0.22,28.52,0.64,2.12,,,0.28,0.76,25.05,99.81,0.22,143.11,0.77,0.76,33.43,991.93,0.99
2024-09-27,5.87,30.08,8.28,18.85,16.63,30.49,9.84,0.23,24.91,0.5,1.98,,,0.28,0.8,26.89,94.62,0.19,180.8,0.09,0.09,72.75,1003.82,0.97
2024-09-28,14.54,38.63,7.45,18.48,15.77,29.27,9.56,0.22,25.11,0.76,2.24,,,0.32,0.9,28.4,90.41,0.2,254.95,0.12,0.11,94.21,1013.99,1.0
2024-09-29,18.74,47.14,7.33,19.71,16.31,28.84,10.08,0.24,25.14,0.64,2.1,,,0.25,0.69,29.76,86.34,0.26,261.37,0.0,0.0,104.32,1004.34,0.99
2024-09-30,48.52,74.12,7.65,25.9,19.8,29.17,9.05,0.33,28.42,0.99,3.26,,,0.49,1.12,30.01,87.0,0.14,244.57,0.0,0.0,69.2,1003.29,1.02
2024-10-01,52.13,87.1,7.54,26.66,20.12,28.75,9.76,0.42,30.69,1.13,5.08,,,0.56,1.06,30.87,82.41,0.13,230.18,0.0,0.0,107.43,1000.59,0.99
2024-10-02,43.31,89.76,7.66,27.93,20.88,28.21,9.85,0.5,28.62,1.72,8.04,,,0.89,1.5,28.22,92.49,0.1,236.39,0.16,0.16,66.38,1004.21,0.98
2024-10-03,53.38,100.07,7.43,28.58,21.03,28.64,9.98,0.48,30.11,1.29,3.75,,,0.38,0.91,27.32,95.08,0.16,205.6,0.07,0.07,49.53,1001.71,1.01
2024-10-04,47.62,87.5,7.48,29.9,21.76,29.57,10.79,0.42,27.15,1.9,4.11,,,0.68,1.53,26.72,95.64,0.11,252.29,0.04,0.04,52.75,1009.05,1.01
2024-10-05,26.74,52.32,10.15,32.83,25.43,29.5,10.17,0.42,25.12,2.16,5.95,,,0.65,1.5,26.09,95.95,0.1,151.91,0.05,0.05,68.89,1010.37,0.98
2024-10-06,32.87,61.75,10.34,31.25,24.76,30.09,8.18,0.44,24.77,1.73,6.79,,,0.73,1.46,26.34,97.08,0.08,177.5,0.2,0.2,57.98,1003.83,0.97
2024-10-07,17.07,49.32,8.75,21.84,18.57,30.03,8.18,0.28,25.57,1.06,2.96,,,0.6,1.36,28.02,90.19,0.1,195.58,0.0,0.0,92.68,1010.25,0.94
2024-10-08,23.36,49.65,12.06,32.26,26.66,32.18,8.9,0.43,25.51,1.97,6.15,,,0.61,1.44,27.27,96.07,0.1,210.38,0.21,0.21,58.47,1008.88,1.03
2024-10-09,20.18,48.25,10.64,24.43,21.43,32.03,10.94,0.33,28.79,1.08,4.07,,,0.37,1.15,28.08,88.29,0.22,216.96,0.01,0.01,106.51,1008.42,1.01
2024-10-10,15.93,44.66,7.68,23.69,18.67,31.31,11.11,0.29,27.0,0.96,4.16,,,0.29,0.8,28.49,84.19,0.17,256.24,0.0,0.0,82.26,1008.31,1.0
2024-10-11,23.61,54.15,7.54,23.51,18.47,31.44,10.15,0.34,24.76,1.23,4.85,,,0.29,0.79,29.13,84.57,0.2,265.95,0.0,0.0,72.21,1007.76,1.01
2024-10-12,23.88,48.21,8.14,26.21,20.36,30.59,10.13,0.33,25.02,0.77,4.62,,,0.26,0.75,29.12,85.63,0.17,258.95,0.0,0.0,79.6,1008.83,0.94
2024-10-13,52.28,77.03,10.7,31.94,25.41,30.73,10.66,0.47,25.25,0.92,5.25,,,0.31,0.89,28.43,86.04,0.08,216.38,0.0,0.0,62.37,1009.3,1.01
2024-10-14,89.83,109.46,8.71,30.13,22.86,31.77,10.52,0.51,25.68,1.03,5.81,,,0.38,1.09,28.87,79.05,0.11,164.19,0.0,0.0,78.77,1009.24,1.02
2024-10-15,103.83,123.45,7.45,31.18,22.41,31.08,9.75,0.52,35.26,2.51,6.21,,,1.45,2.36,28.33,82.13,0.08,204.11,0.0,0.0,67.49,1008.71,0.91
2024-10-16,67.66,88.16,7.57,28.46,21.08,29.99,10.13,0.48,20.13,2.71,5.4,,,0.8,2.03,26.93,91.71,0.12,192.9,0.15,0.15,61.54,1007.15,0.98
2024-10-17,35.8,71.05,7.77,25.57,19.73,31.12,9.41,0.42,27.28,1.27,3.94,,,0.42,1.21,27.33,93.88,0.09,193.84,0.03,0.02,65.79,1004.24,0.99
2024-10-18,17.21,49.15,8.53,25.36,20.23,30.49,10.2,0.35,27.27,1.97,5.09,,,0.48,1.22,27.48,92.29,0.18,214.65,0.12,0.11,68.65,1008.29,1.06
2024-10-19,12.71,49.69,10.24,26.4,22.14,30.19,9.86,0.41,24.66,1.56,5.75,,,0.65,1.59,26.15,95.78,0.09,168.24,0.07,0.07,62.35,1005.81,0.93
2024-10-20,43.5,95.76,14.08,31.43,27.85,32.84,10.82,0.57,25.39,2.26,7.42,,,1.19,2.21,26.95,85.71,0.08,168.12,0.0,0.0,72.36,1006.2,0.86
2024-10-21,42.48,94.11,7.38,27.1,20.21,30.64,9.77,0.42,34.19,0.74,4.9,,,0.45,0.88,27.06,83.67,0.11,139.14,0.0,0.0,70.14,1008.66,0.91
2024-10-22,32.62,85.17,7.56,29.91,21.83,30.54,11.08,0.42,30.82,0.92,6.14,,,0.94,1.22,27.31,80.77,0.09,167.87,0.0,0.0,68.65,1007.64,0.97
2024-10-23,27.96,59.7,7.69,25.9,19.83,30.74,10.07,0.38,26.59,0.72,4.39,,,0.82,0.92,25.83,90.6,0.18,106.25,0.44,0.43,49.05,1006.05,1.0
2024-10-24,13.06,31.64,7.39,19.59,16.3,31.3,10.72,0.26,26.08,0.36,2.29,,,0.25,0.4,24.47,97.69,0.6,121.07,0.08,0.08,36.0,1004.8,1.02
2024-10-25,16.21,44.83,7.16,16.91,14.72,31.59,9.96,0.27,27.16,0.32,1.31,,,0.21,0.34,24.38,99.71,0.8,125.07,1.32,1.31,14.7,1002.82,1.04
2024-10-26,25.7,60.5,7.19,17.51,15.06,31.2,8.77,0.3,25.98,0.46,1.2,,,0.22,0.36,27.22,90.72,0.45,114.71,0.0,0.0,77.03,1007.34,1.01
2024-10-27,29.84,64.56,7.53,22.22,17.79,30.44,8.89,0.33,24.93,0.74,1.84,,,0.31,0.59,27.11,90.31,0.19,160.93,0.0,0.0,62.83,1006.35,0.99
2024-10-28,25.13,67.56,6.09,29.96,20.67,29.3,8.79,0.39,26.45,1.41,3.3,,,0.61,1.07,27.64,84.31,0.08,210.3,0.0,0.0,63.38,1005.33,1.03
2024-10-29,39.62,86.89,5.16,34.61,22.34,27.43,10.32,0.42,27.24,1.74,4.42,,,0.92,1.46,27.63,84.39,0.11,202.5,0.0,0.0,66.33,1005.69,0.95
2024-10-30,31.46,70.0,3.21,24.57,15.55,28.04,8.64,0.39,25.56,1.3,2.87,,,0.46,0.82,27.92,89.11,0.1,228.03,0.0,0.0,64.38,1006.98,1.0
2024-10-31,35.32,68.8,2.83,23.97,14.93,29.36,9.97,0.35,27.35,0.88,1.96,,,0.31,0.51,28.4,86.34,0.14,263.2,0.0,0.0,63.88,1007.4,0.96
2024-11-01,80.3,133.29,6.09,33.11,22.32,28.84,10.55,0.51,27.7,0.83,2.74,,,0.46,0.79,27.94,80.27,0.09,211.6,0.0,0.0,62.16,1008.46,1.01
2024-11-02,152.8,217.29,11.35,44.22,32.34,33.18,10.12,0.78,25.02,2.65,6.99,,,1.24,2.23,27.21,80.35,0.06,227.84,0.0,0.0,65.69,1009.27,1.02
2024-11-03,84.38,153.04,6.48,30.38,19.38,31.46,10.49,0.63,26.26,1.48,3.99,,,0.69,1.3,26.97,82.43,0.06,209.45,0.0,0.0,65.47,1009.34,1.01
2024-11-04,67.4,126.58,9.23,32.52,21.33,30.37,9.44,0.65,30.25,1.24,3.47,,,0.46,0.87,26.46,82.63,0.07,185.92,0.0,0.0,61.89,1008.82,1.05
2024-11-05,61.74,117.48,8.04,29.46,18.77,30.37,10.46,0.61,31.16,1.24,6.54,,,0.79,1.12,26.91,77.15,0.12,147.13,0.0,0.0,65.8,1009.57,1.02
2024-11-06,45.05,82.68,8.3,28.92,18.7,29.96,10.75,0.52,33.0,1.59,4.78,,,1.29,2.23,26.33,81.06,0.11,165.34,0.0,0.0,52.68,1009.78,1.0
2024-11-07,50.58,119.32,9.39,32.16,21.26,32.99,10.06,0.62,34.08,2.63,6.47,,,0.8,1.39,26.77,79.43,0.07,186.29,0.0,0.0,63.53,1009.37,0.94
2024-11-08,39.04,127.38,8.04,25.95,16.93,31.1,10.66,0.52,36.69,0.96,3.1,,,0.45,0.67,26.49,77.6,0.08,162.81,0.01,0.01,63.09,1009.33,0.99
2024-11-09,38.72,178.34,8.78,31.04,20.19,30.38,11.25,0.56,29.62,0.96,4.35,,,0.76,1.74,25.95,77.73,0.09,166.56,0.0,0.0,72.49,1009.31,0.94
2024-11-10,31.85,169.95,9.51,30.51,20.5,31.15,11.13,0.55,29.12,0.95,3.3,,,0.49,1.06,25.86,72.76,0.1,187.29,0.0,0.0,73.11,1009.41,0.98
2024-11-11,24.0,190.41,12.23,34.16,23.87,31.09,10.8,0.63,29.61,1.61,5.09,,,0.87,1.38,25.68,77.55,0.11,164.94,0.0,0.0,64.18,1009.14,1.01
2024-11-12,27.77,113.3,16.74,41.52,31.0,32.8,11.6,0.67,38.04,1.94,9.99,,,1.17,1.93,25.7,71.13,0.09,157.93,0.0,0.0,65.12,1008.57,1.01
2024-11-13,60.39,114.95,9.92,43.4,27.56,34.66,12.05,0.74,32.26,1.8,7.07,,,1.29,1.84,25.34,72.03,0.1,168.79,0.0,0.0,71.16,1008.12,1.03
2024-11-14,102.64,170.7,13.26,34.2,26.9,25.99,9.05,0.87,51.74,1.86,8.08,,,0.9,1.38,24.87,68.61,0.11,154.82,0.0,0.0,63.24,1009.26,0.99
2024-11-15,94.16,157.66,16.1,36.23,31.84,17.16,8.61,0.87,27.18,2.31,15.36,,,0.9,1.61,24.19,64.79,0.09,216.65,0.0,0.0,64.83,1008.74,0.99
2024-11-16,95.34,175.27,11.83,31.87,26.14,18.08,8.57,0.9,27.29,2.22,9.68,,,1.16,1.68,23.31,61.95,0.14,177.3,0.0,0.0,63.86,1008.36,0.99
2024-11-17,103.46,116.74,25.24,32.92,37.44,20.1,8.4,1.09,26.43,3.15,8.17,,,1.69,2.72,22.64,66.33,0.08,237.42,0.0,0.0,61.47,1008.32,0.99
2024-11-18,82.26,124.8,18.88,33.65,32.72,20.27,6.94,1.03,30.3,2.95,9.77,,,1.66,2.66,21.85,68.72,0.09,222.13,0.0,0.0,60.73,1009.15,0.92
2024-11-19,65.69,132.52,21.19,33.03,34.24,19.84,6.69,1.06,34.96,2.26,8.5,,,1.3,2.45,21.8,71.14,0.1,204.24,0.0,0.0,58.01,1009.93,0.93
2024-11-20,78.12,153.5,50.7,26.97,54.75,26.07,7.15,1.27,29.96,5.2,15.68,,,3.5,4.68,22.51,76.41,0.08,216.24,0.0,0.0,56.03,1009.01,0.85
2024-11-21,76.24,153.27,35.46,31.44,43.95,26.9,7.79,1.13,31.81,3.41,14.95,,,3.0,3.67,22.88,72.01,0.08,237.04,0.0,0.0,57.29,1008.88,0.96
2024-11-22,89.31,166.71,14.18,30.25,23.83,23.92,7.42,1.15,24.47,2.79,12.6,,,2.03,2.64,22.6,68.84,0.11,185.61,0.0,0.0,56.32,1009.1,1.01
2024-11-23,85.1,156.74,25.65,18.87,26.42,22.16,8.68,1.16,25.68,2.26,9.46,,,1.52,2.16,22.52,63.74,0.09,175.58,0.0,0.0,58.1,1010.29,0.98
2024-11-24,104.93,150.99,32.13,23.95,34.27,28.4,7.99,1.27,24.78,3.02,13.41,,,2.13,3.02,21.47,68.19,0.1,206.45,0.0,0.0,54.35,1010.47,0.99
2024-11-25,104.67,182.24,34.29,29.38,38.84,28.43,7.42,1.55,33.81,5.17,16.0,,,4.28,5.27,20.93,73.23,0.09,212.55,0.0,0.0,51.69,1010.28,0.93
2024-11-26,119.01,163.2,42.08,23.82,42.18,21.01,6.77,1.48,25.0,3.55,16.42,,,2.48,3.43,21.07,71.47,0.09,187.11,0.0,0.0,51.7,1009.6,0.78
2024-11-27,44.06,134.84,38.68,17.8,36.31,25.25,5.6,1.35,24.99,3.27,15.27,,,2.86,4.05,21.34,77.37,0.11,178.05,0.0,0.0,52.73,1008.97,0.9
2024-11-28,19.3,78.52,15.58,19.43,18.63,21.35,6.13,1.06,28.26,1.87,9.04,,,1.5,3.02,22.43,71.48,0.14,128.85,0.0,0.0,52.15,1009.57,0.94
2024-11-29,22.66,65.02,10.85,19.95,15.11,18.56,6.41,0.88,28.11,1.5,5.38,,,1.04,1.74,23.31,69.51,0.14,131.55,0.0,0.0,52.19,1009.75,1.04
2024-11-30,40.73,73.04,10.55,15.08,12.33,20.0,6.48,0.57,25.13,1.59,7.67,,,1.45,1.7,20.16,83.5,0.2,125.48,0.0,0.0,28.53,1009.49,0.98
2024-12-01,40.99,74.3,20.49,18.23,21.95,19.16,6.4,0.69,25.05,1.66,5.58,,,0.97,1.74,22.13,73.55,0.1,164.46,0.0,0.0,58.52,1009.12,0.97
2024-12-02,60.57,98.28,11.22,26.46,18.81,21.56,7.67,0.73,24.9,2.32,8.53,,,0.98,1.78,21.95,70.58,0.12,155.64,0.0,0.0,43.07,1009.59,1.01
2024-12-03,89.71,127.8,30.2,26.19,33.89,20.21,7.28,0.83,37.06,2.78,15.58,,,2.94,3.86,22.28,68.7,0.11,159.87,0.0,0.0,49.77,1010.24,0.98
2024-12-04,109.54,141.8,34.92,28.22,38.81,27.38,7.56,1.01,26.83,3.53,15.75,,,2.84,3.79,21.45,74.61,0.1,187.88,0.0,0.0,53.53,1010.05,1.07
2024-12-05,116.99,152.76,56.22,28.45,55.93,27.04,7.31,1.15,24.8,5.84,18.54,,,3.57,4.93,21.63,69.36,0.08,248.12,0.0,0.0,49.92,1009.61,1.05
2024-12-06,82.15,116.16,47.87,27.3,47.31,33.17,8.18,0.74,26.67,4.21,18.93,,,3.11,4.17,21.15,64.13,0.09,214.74,0.0,0.0,50.61,1009.08,0.76
2024-12-07,60.93,81.81,22.05,25.75,27.13,23.67,8.57,0.55,21.08,1.9,8.62,,,1.39,2.61,20.19,67.83,0.11,227.93,0.0,0.0,52.1,1009.75,1.0
2024-12-08,75.55,93.73,23.31,24.09,27.27,24.3,8.0,0.64,21.49,2.05,7.21,,,1.39,2.52,19.77,65.2,0.1,209.57,0.0,0.0,50.04,1009.93,1.0
2024-12-09,82.96,105.15,12.33,19.22,15.92,24.61,6.9,0.62,26.49,1.93,4.84,,,0.76,1.51,19.98,69.79,0.13,176.7,0.0,0.0,51.72,1009.66,0.98
2024-12-10,87.21,126.22,7.01,18.18,11.11,22.12,9.34,0.63,23.75,1.74,4.74,,,0.85,1.28,20.14,77.82,0.14,120.56,0.0,0.0,51.27,1010.54,0.95
2024-12-11,85.41,121.32,15.4,24.16,20.96,22.81,6.5,0.67,33.91,2.07,7.72,,,1.66,2.43,18.37,78.87,0.1,189.45,0.0,0.0,49.43,1011.89,0.93
2024-12-12,86.02,120.22,11.6,27.06,19.43,21.81,7.54,0.65,24.59,1.88,7.95,,,0.82,1.48,18.35,66.98,0.12,194.26,0.0,0.0,52.88,1010.27,0.94
2024-12-13,97.88,131.72,15.34,25.87,21.81,21.32,9.15,0.75,26.13,2.13,6.63,,,1.11,1.69,18.36,63.0,0.13,173.6,0.0,0.0,51.89,1010.84,0.95
2024-12-14,98.6,134.63,10.33,26.17,17.95,22.16,8.96,0.72,26.22,2.04,5.97,,,1.27,1.82,18.22,54.31,0.17,124.99,0.0,0.0,50.2,1012.54,0.96
2024-12-15,78.86,117.17,20.23,21.46,23.43,21.52,9.48,0.7,25.3,1.71,4.95,,,0.8,1.34,18.07,54.37,0.12,154.83,0.0,0.0,50.8,1012.94,0.92
2024-12-16,100.45,142.96,38.15,24.9,39.6,27.77,8.92,0.96,23.27,3.08,5.41,,,0.68,1.77,18.26,73.35,0.1,207.83,0.0,0.0,49.11,1011.78,0.98
2024-12-17,109.33,150.72,40.29,31.31,44.66,33.84,9.02,1.14,22.75,4.71,5.11,,,1.52,2.69,19.62,72.78,0.1,213.56,0.0,0.0,49.62,1010.69,0.96
2024-12-18,94.47,131.1,18.06,30.53,26.42,28.42,8.41,0.9,23.6,4.73,5.03,,,1.51,2.67,20.11,68.24,0.08,200.08,0.0,0.0,47.28,1009.99,0.94
2024-12-19,66.42,101.27,32.55,20.59,32.48,27.99,7.95,0.93,23.06,4.7,5.06,,,1.52,2.68,19.62,73.15,0.12,193.55,0.0,0.0,49.89,1010.41,0.98
2024-12-20,68.22,110.92,36.15,24.47,36.28,33.26,6.53,1.01,22.79,4.62,4.99,,,1.5,2.58,20.62,69.99,0.14,171.47,0.0,0.0,51.37,1009.21,0.96
2024-12-21,69.29,98.09,14.14,21.85,18.75,28.67,5.99,0.88,21.42,4.64,4.99,,,1.45,2.53,18.44,94.83,0.09,216.94,0.0,0.0,32.17,1010.92,0.95
2024-12-22,46.02,71.24,13.38,16.15,15.15,27.07,6.04,0.78,22.79,4.71,5.08,,,1.51,2.67,19.39,85.14,0.16,152.34,0.0,0.0,51.11,1010.58,0.93
2024-12-23,66.19,94.88,8.09,17.54,11.65,24.99,7.37,0.81,24.63,4.71,5.04,,,1.48,2.61,20.28,68.18,0.14,179.08,0.0,0.0,52.21,1010.24,0.94
2024-12-24,60.66,96.19,11.15,20.51,15.65,23.55,7.65,0.79,24.22,4.68,5.09,,,1.5,2.69,21.18,58.1,0.09,138.11,0.0,0.0,52.43,1010.57,0.94
2024-12-25,77.45,120.63,22.51,28.0,28.67,28.05,7.97,1.02,22.0,4.71,5.04,,,1.51,2.69,20.73,72.19,0.07,211.11,0.0,0.0,43.87,1012.53,0.92
2024-12-26,75.58,111.35,9.12,20.93,14.24,25.73,8.87,0.85,24.39,4.73,5.12,,,1.51,2.7,21.76,64.02,0.13,125.15,0.0,0.0,48.94,1014.15,0.91
2024-12-27,71.95,104.0,18.68,21.34,22.12,22.96,7.59,0.94,26.55,4.72,5.06,,,1.52,2.69,20.81,64.06,0.11,167.61,0.0,0.0,50.7,1014.01,0.86
2024-12-28,81.82,125.13,39.4,18.03,37.0,28.64,6.6,1.13,15.0,4.74,5.06,,,1.51,2.68,20.13,70.38,0.09,223.22,0.0,0.0,50.85,1012.75,0.94
2024-12-29,90.74,135.64,51.66,24.6,47.53,32.87,7.61,1.34,14.67,4.7,5.03,,,1.51,2.67,20.88,70.11,0.09,230.1,0.0,0.0,49.36,1011.85,0.94
2024-12-30,75.17,115.93,19.43,15.63,19.74,27.3,6.31,1.01,15.86,4.71,5.04,,,1.51,2.68,21.48,69.89,0.11,128.39,0.0,0.0,56.05,1012.48,0.97
2024-12-31,66.63,102.21,7.12,8.57,6.25,21.4,6.1,0.77,23.88,4.87,5.39,,,1.79,2.73,18.74,78.42,0.23,83.99,0.0,0.0,74.75,1013.75,0.94
