Timestamp,PM2.5 (µg/m³),PM10 (µg/m³),NO (µg/m³),NO2 (µg/m³),NOx (ppb),NH3 (µg/m³),SO2 (µg/m³),CO (mg/m³),Ozone (µg/m³),Benzene (µg/m³),Toluene (µg/m³),Xylene (µg/m³),O Xylene (µg/m³),Eth-Benzene (µg/m³),MP-Xylene (µg/m³),AT (°C),RH (%),WS (m/s),WD (deg),RF (mm),TOT-RF (mm),SR (W/mt2),BP (mmHg),VWS (m/s)
2022-01-01 00:00:00,93.93,172.80,61.28,68.45,130.73,5.07,6.26,0.69,15.90,NA,NA,NA,NA,NA,NA,18.85,81.45,1.01,266.00,NA,0.00,114.32,NA,0.00
2022-01-02 00:00:00,83.48,153.31,36.72,63.12,100.84,4.00,5.69,0.49,15.58,NA,NA,NA,NA,NA,NA,17.69,89.91,1.17,265.66,NA,0.00,113.76,NA,-0.01
2022-01-03 00:00:00,76.82,181.11,75.29,66.81,143.10,4.27,7.76,0.89,22.74,NA,NA,NA,NA,NA,NA,18.10,81.78,0.77,268.47,NA,0.00,118.55,NA,0.00
2022-01-04 00:00:00,69.68,213.16,58.05,75.41,133.34,7.08,7.27,0.81,21.68,NA,NA,NA,NA,NA,NA,17.79,77.87,0.80,260.02,NA,0.00,114.73,NA,0.00
2022-01-05 00:00:00,135.51,265.18,77.07,80.88,156.16,8.15,7.93,1.17,15.60,NA,NA,NA,NA,NA,NA,17.96,80.18,0.72,256.74,NA,0.00,118.58,NA,0.00
2022-01-06 00:00:00,124.10,271.77,125.76,86.49,210.15,9.20,7.20,1.45,18.16,NA,NA,NA,NA,NA,NA,18.66,82.64,0.41,220.69,NA,0.00,105.75,NA,0.01
2022-01-07 00:00:00,125.40,237.92,77.28,84.05,159.23,9.54,4.91,1.17,11.17,NA,NA,NA,NA,NA,NA,19.86,78.49,0.47,258.58,NA,0.00,114.28,NA,0.01
2022-01-08 00:00:00,94.66,201.78,78.03,81.12,157.50,9.21,4.18,1.18,7.82,NA,NA,NA,NA,NA,NA,20.93,80.24,0.41,248.32,NA,0.00,119.69,NA,0.02
2022-01-09 00:00:00,99.00,211.95,102.11,78.32,178.22,8.92,4.57,1.21,7.52,NA,NA,NA,NA,NA,NA,21.27,83.27,0.31,201.20,NA,0.00,116.84,NA,0.01
2022-01-10 00:00:00,96.81,199.71,80.43,73.68,152.01,8.37,5.47,1.09,20.89,NA,NA,NA,NA,NA,NA,21.65,84.05,0.29,220.91,NA,0.00,95.71,NA,0.01
2022-01-11 00:00:00,98.82,192.50,46.81,69.07,113.77,7.78,4.42,0.70,25.74,NA,NA,NA,NA,NA,NA,22.01,85.30,0.85,207.32,NA,0.00,94.64,NA,-0.02
2022-01-12 00:00:00,46.72,101.27,15.47,69.08,82.44,8.31,4.28,0.53,8.03,NA,NA,NA,NA,NA,NA,19.03,97.87,0.61,251.13,NA,0.00,40.09,NA,0.01
2022-01-13 00:00:00,55.47,117.44,15.87,68.65,82.43,8.66,8.33,0.52,14.68,NA,NA,NA,NA,NA,NA,20.22,92.94,0.85,255.72,NA,0.00,105.99,NA,0.01
2022-01-14 00:00:00,57.47,108.79,13.14,64.89,70.32,9.92,5.44,0.43,9.05,NA,NA,NA,NA,NA,NA,18.76,91.42,0.48,224.72,NA,0.00,36.95,NA,0.00
2022-01-15 00:00:00,57.25,119.41,22.03,49.04,60.46,11.18,7.24,0.44,15.91,NA,NA,NA,NA,NA,NA,19.11,83.47,0.97,255.38,NA,0.00,79.56,NA,-0.00
2022-01-16 00:00:00,73.53,136.73,19.32,35.14,54.46,11.36,6.04,0.38,8.99,NA,NA,NA,NA,NA,NA,18.44,74.31,1.31,262.09,NA,0.00,121.39,NA,-0.02
2022-01-17 00:00:00,88.28,171.17,17.81,34.69,52.50,11.22,6.40,0.50,11.00,NA,NA,NA,NA,NA,NA,17.70,79.67,1.30,264.34,NA,0.00,114.54,NA,-0.01
2022-01-18 00:00:00,98.87,199.74,20.01,32.60,52.61,11.38,5.80,0.56,17.88,NA,NA,NA,NA,NA,NA,17.63,81.84,1.15,269.17,NA,0.00,119.59,NA,-0.00
2022-01-19 00:00:00,117.28,228.44,27.92,30.37,58.30,12.40,4.73,0.69,19.80,NA,NA,NA,NA,NA,NA,17.64,81.57,1.01,267.38,NA,0.00,119.68,NA,-0.00
2022-01-20 00:00:00,131.50,269.06,51.74,34.16,85.90,13.40,4.64,0.91,5.84,NA,NA,NA,NA,NA,NA,17.69,80.11,0.62,243.47,NA,0.00,112.40,NA,0.01
2022-01-21 00:00:00,127.98,232.88,61.20,35.08,96.37,12.95,5.21,0.98,17.84,NA,NA,NA,NA,NA,NA,19.32,89.38,0.38,134.08,NA,0.00,92.52,NA,0.01
2022-01-22 00:00:00,81.12,149.06,39.07,28.61,67.69,11.03,1.72,0.77,6.41,NA,NA,NA,NA,NA,NA,19.93,98.74,0.55,88.55,NA,0.00,77.08,NA,0.00
2022-01-23 00:00:00,110.15,193.41,40.76,26.53,67.31,10.43,1.31,0.91,5.01,NA,NA,NA,NA,NA,NA,18.76,97.60,0.40,174.66,NA,0.00,44.76,NA,0.01
2022-01-24 00:00:00,86.53,154.12,46.08,28.21,74.28,11.00,3.45,0.79,10.60,NA,NA,NA,NA,NA,NA,18.05,98.41,0.30,133.37,NA,0.00,46.75,NA,0.01
2022-01-25 00:00:00,91.16,173.94,47.09,27.98,75.08,11.05,5.38,0.71,10.77,NA,NA,NA,NA,NA,NA,20.17,93.82,0.47,212.11,NA,0.00,94.56,NA,0.01
2022-01-26 00:00:00,91.01,173.22,36.74,26.54,63.29,10.65,5.85,0.63,9.26,NA,NA,NA,NA,NA,NA,20.58,90.51,0.98,241.54,NA,0.00,91.26,NA,-0.01
2022-01-27 00:00:00,81.04,172.28,38.93,28.75,67.68,11.51,6.74,0.68,19.54,NA,NA,NA,NA,NA,NA,19.19,74.86,1.11,261.46,NA,0.00,107.64,NA,-0.02
2022-01-28 00:00:00,79.56,179.71,34.84,33.25,68.09,12.86,7.76,0.66,20.84,NA,NA,NA,NA,NA,NA,16.84,66.64,1.06,260.63,NA,0.00,108.78,NA,-0.02
2022-01-29 00:00:00,95.24,194.66,34.57,34.56,69.12,13.36,6.24,0.83,8.66,NA,NA,NA,NA,NA,NA,16.73,70.36,1.09,252.45,NA,0.00,118.37,NA,-0.03
2022-01-30 00:00:00,117.71,234.00,77.59,42.13,119.72,14.82,6.62,1.11,7.41,NA,NA,NA,NA,NA,NA,17.51,70.48,0.70,238.68,NA,0.00,112.73,NA,0.00
2022-01-31 00:00:00,71.86,145.23,27.19,32.46,59.66,11.45,8.35,0.60,20.72,NA,NA,NA,NA,NA,NA,19.49,80.68,0.51,138.49,NA,0.00,113.22,NA,0.00
2022-02-01 00:00:00,57.92,135.61,35.65,34.83,70.48,10.25,9.78,0.70,9.27,NA,NA,NA,NA,NA,NA,20.07,83.63,0.58,176.36,NA,0.00,105.10,NA,0.00
2022-02-02 00:00:00,65.01,139.86,35.19,32.69,67.87,10.27,10.25,0.66,22.18,NA,NA,NA,NA,NA,NA,22.11,75.07,0.50,169.66,NA,0.00,107.60,NA,0.01
2022-02-03 00:00:00,42.12,84.08,22.57,28.31,50.88,9.54,13.54,0.44,18.07,NA,NA,NA,NA,NA,NA,22.84,89.77,0.88,104.65,NA,0.00,83.99,NA,-0.01
2022-02-04 00:00:00,23.34,54.72,25.78,28.66,54.43,8.98,5.00,0.45,4.75,NA,NA,NA,NA,NA,NA,18.92,98.56,0.94,128.72,NA,0.00,40.12,NA,-0.00
2022-02-05 00:00:00,41.93,118.64,48.53,32.25,80.77,10.37,5.73,0.76,7.60,NA,NA,NA,NA,NA,NA,18.86,78.32,1.23,250.81,NA,0.00,120.47,NA,-0.02
2022-02-06 00:00:00,56.37,125.99,113.07,40.27,153.35,12.62,5.95,0.62,7.79,NA,NA,NA,NA,NA,NA,18.51,65.09,0.84,253.33,NA,0.00,123.36,NA,-0.00
2022-02-07 00:00:00,55.60,121.51,34.85,35.40,70.22,10.40,6.09,0.64,7.75,NA,NA,NA,NA,NA,NA,19.03,77.15,0.59,170.15,NA,0.00,117.77,NA,0.00
2022-02-08 00:00:00,72.68,156.70,24.86,31.05,55.91,9.65,10.60,0.71,9.36,NA,NA,NA,NA,NA,NA,20.17,85.06,0.41,144.34,NA,0.00,107.29,NA,0.01
2022-02-09 00:00:00,71.64,153.17,37.64,22.91,60.54,9.21,6.96,0.69,7.54,NA,NA,NA,NA,NA,NA,21.33,88.14,0.60,107.39,NA,0.00,109.97,NA,-0.00
2022-02-10 00:00:00,69.64,162.01,39.27,21.28,60.56,8.85,5.93,0.80,5.07,NA,NA,NA,NA,NA,NA,20.11,97.34,0.34,143.01,NA,0.00,38.24,NA,0.01
2022-02-11 00:00:00,92.16,192.87,58.71,24.04,82.74,9.40,6.00,0.94,7.08,NA,NA,NA,NA,NA,NA,19.54,89.74,1.08,246.35,NA,0.00,65.19,NA,-0.02
2022-02-12 00:00:00,60.43,145.23,40.24,24.63,64.88,9.85,6.93,0.68,8.85,NA,NA,NA,NA,NA,NA,19.70,60.44,1.09,248.22,NA,0.00,125.27,NA,-0.02
2022-02-13 00:00:00,55.66,140.08,18.28,25.38,43.66,9.71,6.25,0.56,12.96,NA,NA,NA,NA,NA,NA,20.72,52.25,1.27,261.44,NA,0.00,63.52,NA,-0.03
2022-02-14 00:00:00,66.69,157.62,32.73,28.76,61.50,10.56,6.28,0.69,9.50,NA,NA,NA,NA,NA,NA,19.96,60.07,1.00,253.32,NA,0.00,110.97,NA,-0.02
2022-02-15 00:00:00,91.79,208.10,58.45,34.00,92.45,11.46,7.61,0.95,8.71,NA,NA,NA,NA,NA,NA,20.09,66.04,0.86,255.46,NA,0.00,108.59,NA,-0.02
2022-02-16 00:00:00,92.69,216.47,57.19,32.98,90.17,11.37,6.87,0.99,9.43,NA,NA,NA,NA,NA,NA,20.76,63.89,0.75,255.72,NA,0.00,108.62,NA,-0.00
2022-02-17 00:00:00,93.88,216.64,46.37,32.60,78.98,11.08,9.75,0.90,27.49,NA,NA,NA,NA,NA,NA,21.79,67.61,0.83,244.08,NA,0.00,101.67,NA,-0.00
2022-02-18 00:00:00,99.39,223.83,62.21,34.58,96.92,11.66,6.16,0.99,8.16,NA,NA,NA,NA,NA,NA,21.63,65.59,0.65,247.01,NA,0.00,96.10,NA,-0.02
2022-02-19 00:00:00,90.83,204.95,73.19,35.28,108.46,11.97,6.86,0.92,7.79,NA,NA,NA,NA,NA,NA,22.03,57.49,0.67,210.41,NA,0.00,104.81,NA,-0.01
2022-02-20 00:00:00,67.05,136.92,22.22,22.36,44.64,9.26,6.29,0.57,10.79,NA,NA,NA,NA,NA,NA,21.91,95.03,0.51,146.14,NA,0.00,54.25,NA,0.01
2022-02-21 00:00:00,47.49,109.39,29.52,20.43,49.95,9.43,8.16,0.49,15.83,NA,NA,NA,NA,NA,NA,22.91,64.93,0.66,173.76,NA,0.00,118.26,NA,0.00
2022-02-22 00:00:00,62.35,134.51,17.64,20.48,38.11,8.97,7.66,0.49,14.36,NA,NA,NA,NA,NA,NA,23.33,85.54,0.54,155.37,NA,0.00,96.05,NA,0.00
2022-02-23 00:00:00,57.52,123.03,34.31,20.66,54.96,8.66,8.40,0.56,15.24,NA,NA,NA,NA,NA,NA,23.47,83.28,0.63,248.15,NA,0.00,95.79,NA,0.01
2022-02-24 00:00:00,48.56,103.82,25.73,17.45,43.18,8.10,5.51,0.41,9.27,NA,NA,NA,NA,NA,NA,23.82,91.17,0.91,114.44,NA,0.00,93.38,NA,-0.01
2022-02-25 00:00:00,56.43,135.74,37.30,22.69,60.00,8.82,6.34,0.64,9.45,NA,NA,NA,NA,NA,NA,21.96,92.65,0.83,188.55,NA,0.00,46.45,NA,-0.01
2022-02-26 00:00:00,111.87,244.71,93.05,27.05,120.10,10.04,8.63,1.09,NA,NA,NA,NA,NA,NA,NA,24.44,75.83,0.41,190.60,NA,0.00,104.75,NA,0.01
2022-02-27 00:00:00,82.82,171.26,60.56,22.85,83.41,8.82,8.04,0.63,NA,NA,NA,NA,NA,NA,NA,24.12,84.21,0.75,188.26,NA,0.00,110.67,NA,-0.00
2022-02-28 00:00:00,47.12,112.11,39.70,20.90,60.54,8.03,7.42,0.56,6.86,NA,NA,NA,NA,NA,NA,24.89,76.07,1.20,219.11,NA,0.00,122.65,NA,-0.01
2022-03-01 00:00:00,76.73,175.43,55.83,24.97,80.64,9.03,7.29,0.70,5.18,NA,NA,NA,NA,NA,NA,25.32,66.67,0.38,145.21,NA,0.00,111.47,NA,-0.00
2022-03-02 00:00:00,78.95,178.90,60.26,25.48,85.72,8.77,7.60,0.72,81.65,NA,NA,NA,NA,NA,NA,25.85,62.45,0.43,167.89,NA,0.00,123.69,NA,0.00
2022-03-03 00:00:00,91.76,208.39,82.59,23.37,105.96,8.37,7.44,0.87,NA,NA,NA,NA,NA,NA,NA,25.62,70.34,0.68,197.89,NA,0.00,124.69,NA,0.03
2022-03-04 00:00:00,90.31,209.51,83.26,24.57,107.88,8.84,8.87,0.80,21.05,NA,NA,NA,NA,NA,NA,24.20,60.07,0.94,228.86,NA,0.00,121.49,NA,-0.13
2022-03-05 00:00:00,83.48,169.82,50.63,20.88,71.51,9.03,11.46,0.60,32.41,NA,NA,NA,NA,NA,NA,24.58,66.49,1.09,238.71,NA,0.00,122.74,NA,-0.01
2022-03-06 00:00:00,63.18,149.16,23.77,21.23,45.00,10.58,8.67,0.55,30.26,NA,NA,NA,NA,NA,NA,NA,49.17,0.81,253.24,NA,0.00,129.72,NA,-0.01
2022-03-07 00:00:00,73.28,180.09,33.12,26.06,59.07,11.52,11.13,0.66,32.08,NA,NA,NA,NA,NA,NA,26.84,51.74,1.39,263.84,NA,0.00,131.18,NA,-0.03
2022-03-08 00:00:00,77.12,189.95,41.40,26.63,68.03,11.54,10.70,0.83,23.67,NA,NA,NA,NA,NA,NA,25.73,52.64,1.42,249.89,NA,0.00,130.36,NA,-0.03
2022-03-09 00:00:00,87.80,211.15,58.99,29.38,88.37,12.01,10.01,0.90,27.32,NA,NA,NA,NA,NA,NA,NA,48.75,0.90,254.92,NA,0.00,127.93,NA,-0.00
2022-03-10 00:00:00,88.01,207.76,73.48,26.23,95.77,17.01,16.25,1.05,40.94,NA,NA,NA,NA,NA,NA,NA,50.97,1.00,256.40,NA,0.00,127.45,NA,-0.01
2022-03-11 00:00:00,79.65,184.77,50.94,15.09,64.88,18.04,10.23,0.86,23.17,NA,NA,NA,NA,NA,NA,27.51,55.99,1.38,251.01,NA,0.00,123.89,NA,-0.03
2022-03-12 00:00:00,83.30,206.72,55.74,16.31,71.98,18.58,11.47,0.89,34.75,NA,NA,NA,NA,NA,NA,28.12,50.34,1.08,251.14,NA,0.00,135.06,NA,-0.01
2022-03-13 00:00:00,68.09,174.93,17.14,16.92,34.08,14.38,10.56,0.69,25.95,NA,NA,NA,NA,NA,NA,27.55,47.64,1.27,245.52,NA,0.00,140.72,NA,-0.02
2022-03-14 00:00:00,80.12,201.73,49.08,13.64,62.71,17.98,11.70,0.87,31.47,NA,NA,NA,NA,NA,NA,27.76,52.33,1.09,254.90,NA,0.00,144.02,NA,-0.01
2022-03-15 00:00:00,72.87,154.17,70.60,15.40,85.90,20.50,18.70,0.55,45.39,NA,NA,NA,NA,NA,NA,28.73,46.91,0.85,263.24,NA,0.00,147.96,NA,0.00
2022-03-16 00:00:00,53.41,109.64,3.22,17.35,20.56,14.26,19.17,0.37,55.79,NA,NA,NA,NA,NA,NA,29.59,57.27,0.88,147.38,NA,0.00,147.94,NA,-0.02
2022-03-17 00:00:00,35.67,92.65,7.04,15.32,22.36,15.76,8.16,0.36,35.32,NA,NA,NA,NA,NA,NA,28.90,73.06,1.06,112.42,NA,0.00,144.23,NA,-0.03
2022-03-18 00:00:00,30.77,86.20,NA,NA,NA,NA,20.26,0.40,30.88,NA,NA,NA,NA,NA,NA,28.40,72.37,0.66,192.11,NA,0.00,140.85,NA,-0.01
2022-03-19 00:00:00,28.54,82.59,3.56,12.55,16.10,14.56,10.16,0.36,32.00,NA,NA,NA,NA,NA,NA,28.88,61.35,0.64,169.94,NA,0.00,138.94,NA,-0.01
2022-03-20 00:00:00,28.12,76.63,3.96,11.15,15.11,14.85,11.88,0.32,29.36,NA,NA,NA,NA,NA,NA,28.30,79.07,0.95,135.46,NA,0.00,134.80,1000.00,-0.03
2022-03-21 00:00:00,24.16,64.80,16.15,24.74,40.55,13.29,13.74,0.31,32.32,NA,NA,NA,NA,NA,NA,28.85,82.16,1.02,142.99,NA,0.00,118.98,NA,-0.02
2022-03-22 00:00:00,37.19,65.22,43.92,40.67,84.59,12.56,9.86,0.28,32.50,NA,NA,NA,NA,NA,NA,29.06,84.53,0.95,151.66,NA,0.00,122.23,NA,-0.01
2022-03-23 00:00:00,47.68,81.12,28.36,40.91,69.27,14.46,14.56,0.27,35.31,NA,NA,NA,NA,NA,NA,28.92,87.15,0.98,171.11,NA,0.00,84.88,NA,-0.01
2022-03-24 00:00:00,44.21,80.35,13.50,40.69,54.19,16.27,8.97,0.26,27.64,NA,NA,NA,NA,NA,NA,28.71,89.52,1.06,152.70,NA,0.00,122.57,NA,-0.03
2022-03-25 00:00:00,39.97,79.67,12.69,40.90,53.58,16.25,23.34,0.24,24.39,NA,NA,NA,NA,NA,NA,28.59,94.68,1.36,112.99,NA,0.00,92.22,NA,-0.05
2022-03-26 00:00:00,35.18,70.30,10.86,40.71,48.37,15.80,12.65,0.23,24.78,NA,NA,NA,NA,NA,NA,28.80,96.23,1.06,124.71,NA,0.00,68.58,NA,-0.03
2022-03-27 00:00:00,39.94,84.79,NA,38.92,38.92,15.01,7.39,0.26,33.75,NA,NA,NA,NA,NA,NA,29.62,83.79,1.00,129.71,NA,0.00,104.17,NA,-0.02
2022-03-28 00:00:00,36.11,86.94,14.04,32.59,39.55,13.41,8.90,0.23,36.23,NA,NA,NA,NA,NA,NA,30.01,82.74,0.90,149.00,NA,0.00,126.39,NA,-0.03
2022-03-29 00:00:00,33.29,81.09,13.89,27.06,40.94,11.84,12.82,0.25,35.68,NA,NA,NA,NA,NA,NA,29.79,87.19,1.21,112.86,NA,0.00,153.47,NA,-0.04
2022-03-30 00:00:00,22.88,60.27,13.94,27.02,40.95,11.82,5.43,0.21,25.32,NA,NA,NA,NA,NA,NA,29.11,90.79,1.52,109.98,NA,0.00,109.33,NA,-0.05
2022-03-31 00:00:00,15.86,57.95,13.86,27.04,40.91,11.84,8.77,0.16,26.98,NA,NA,NA,NA,NA,NA,29.31,91.60,1.55,109.32,NA,0.00,123.36,NA,-0.05
2022-04-01 00:00:00,20.45,61.93,13.88,27.30,41.20,11.93,9.60,0.19,28.24,NA,NA,NA,NA,NA,NA,29.27,93.05,1.55,110.85,NA,0.00,97.74,NA,-0.05
2022-04-02 00:00:00,16.17,50.38,13.64,27.13,40.77,11.82,6.27,0.17,24.32,NA,NA,NA,NA,NA,NA,29.00,93.61,1.62,108.86,NA,0.00,92.82,NA,-0.05
2022-04-03 00:00:00,15.99,47.85,13.49,27.17,40.67,11.83,6.81,0.19,23.47,NA,NA,NA,NA,NA,NA,29.13,92.39,1.41,109.82,NA,0.00,90.18,NA,-0.05
2022-04-04 00:00:00,13.08,45.49,NA,NA,NA,NA,10.24,0.17,19.45,NA,NA,NA,NA,NA,NA,29.17,91.48,1.81,111.90,NA,0.00,107.14,NA,-0.08
2022-04-05 00:00:00,12.98,40.68,51.60,39.10,93.20,1.25,10.15,0.17,19.01,NA,NA,NA,NA,NA,NA,28.74,90.44,1.48,110.62,NA,0.00,109.63,NA,-0.05
2022-04-06 00:00:00,13.95,45.40,13.47,29.04,30.37,3.58,9.11,0.19,22.32,NA,NA,NA,NA,NA,NA,28.59,89.76,1.31,110.46,NA,0.00,118.54,NA,-0.04
2022-04-07 00:00:00,24.21,48.32,13.58,17.32,30.89,6.69,8.65,0.18,25.77,NA,NA,NA,NA,NA,NA,28.87,89.84,1.28,109.73,NA,0.00,123.71,NA,-0.04
2022-04-08 00:00:00,19.21,48.05,13.56,17.25,30.80,6.68,7.61,0.17,26.85,NA,NA,NA,NA,NA,NA,29.00,84.70,1.71,109.72,NA,0.00,87.19,NA,-0.06
2022-04-09 00:00:00,16.34,30.65,12.46,18.35,30.80,6.71,11.00,0.18,22.85,NA,NA,NA,NA,NA,NA,29.19,92.80,1.38,113.33,NA,0.00,127.95,NA,-0.05
2022-04-10 00:00:00,17.68,30.69,NA,NA,NA,NA,9.49,0.17,24.47,NA,NA,NA,NA,NA,NA,29.45,93.94,1.76,111.16,NA,0.00,127.82,NA,-0.07
2022-04-11 00:00:00,20.17,36.07,8.44,22.24,29.67,6.36,13.21,0.19,27.11,NA,NA,NA,NA,NA,NA,29.81,94.43,1.38,110.04,NA,0.00,129.91,999.59,-0.05
2022-04-12 00:00:00,15.70,41.03,8.36,21.58,29.93,6.53,6.62,0.19,27.17,NA,NA,NA,NA,NA,NA,29.35,94.82,1.53,108.83,NA,0.00,92.47,999.95,-0.05
2022-04-13 00:00:00,12.71,35.00,9.89,21.31,31.21,6.68,7.81,0.15,25.08,NA,NA,NA,NA,NA,NA,29.59,93.98,1.72,109.80,NA,0.00,123.06,999.32,-0.07
2022-04-14 00:00:00,16.81,41.78,10.54,19.93,30.48,6.22,15.12,0.19,27.36,NA,NA,NA,NA,NA,NA,30.09,95.20,1.54,109.55,NA,0.00,106.38,998.76,-0.06
2022-04-15 00:00:00,34.45,70.09,11.98,13.19,25.17,5.44,15.62,0.22,43.27,NA,NA,NA,NA,NA,NA,30.89,87.93,1.27,119.38,NA,0.00,116.19,998.70,-0.04
2022-04-16 00:00:00,20.31,48.19,11.52,12.59,24.11,5.42,13.44,0.18,35.63,NA,NA,NA,NA,NA,NA,30.22,91.83,1.45,109.16,NA,0.00,114.57,998.81,-0.05
2022-04-17 00:00:00,20.45,42.78,10.66,12.11,22.77,5.45,7.80,0.18,34.61,NA,NA,NA,NA,NA,NA,30.10,88.14,1.56,107.36,NA,0.00,127.28,999.47,-0.06
2022-04-18 00:00:00,16.76,44.91,10.34,12.69,23.02,5.49,7.04,0.23,30.46,1.96,0.84,NA,NA,NA,0.01,30.26,91.56,1.58,106.84,NA,0.00,122.01,NA,-0.05
2022-04-19 00:00:00,17.74,39.04,9.58,17.00,26.63,4.32,5.45,0.22,29.20,2.84,1.16,NA,NA,NA,NA,29.99,91.05,1.75,106.19,NA,0.00,111.57,NA,-0.07
2022-04-20 00:00:00,22.48,39.88,4.26,26.75,31.01,3.17,7.70,0.22,33.70,2.56,1.08,NA,NA,NA,0.01,30.12,92.75,1.58,110.08,NA,0.00,87.40,NA,-0.06
2022-04-21 00:00:00,16.05,35.10,3.57,26.12,29.69,3.26,6.00,0.21,28.65,2.54,1.00,NA,NA,NA,0.01,30.02,89.86,1.44,108.55,NA,0.00,102.61,NA,-0.05
2022-04-22 00:00:00,13.23,44.84,4.02,26.66,30.68,3.29,10.87,0.26,40.70,2.78,1.11,NA,NA,0.01,0.02,30.17,87.78,1.18,125.95,NA,0.00,79.45,NA,-0.03
2022-04-23 00:00:00,26.34,70.42,3.39,26.29,29.69,3.29,18.17,0.28,52.63,2.97,1.20,NA,NA,0.01,0.02,31.59,79.99,1.05,139.19,NA,0.00,112.35,NA,-0.03
2022-04-24 00:00:00,22.60,62.72,3.09,26.62,29.73,3.34,12.96,0.25,50.14,2.01,0.85,NA,NA,NA,0.01,32.36,80.28,1.08,138.26,NA,0.00,116.29,999.18,-0.02
2022-04-25 00:00:00,19.99,60.81,2.15,26.29,28.43,3.57,8.73,0.23,43.04,1.58,0.66,NA,NA,NA,0.01,32.03,84.57,1.14,117.77,NA,0.00,118.35,999.56,-0.03
2022-04-26 00:00:00,27.13,57.20,2.07,25.49,27.55,4.13,14.36,0.19,32.66,2.11,0.97,NA,NA,0.28,0.04,31.46,90.26,1.35,115.90,NA,0.00,117.30,NA,-0.05
2022-04-27 00:00:00,28.99,58.60,1.68,25.69,27.37,4.14,11.86,0.21,34.43,1.74,0.73,NA,NA,NA,0.02,31.25,89.94,1.33,113.40,NA,0.00,108.62,999.73,-0.04
2022-04-28 00:00:00,31.94,60.01,1.07,25.72,26.79,4.22,6.18,0.21,29.04,1.92,0.80,NA,NA,NA,0.01,31.23,91.47,1.28,109.13,NA,0.00,110.13,NA,-0.04
2022-04-29 00:00:00,29.70,71.06,2.65,24.66,27.31,4.35,5.57,0.21,31.30,1.94,0.83,NA,NA,NA,0.02,31.00,85.98,1.41,111.33,NA,0.00,106.82,999.36,-0.04
2022-04-30 00:00:00,29.65,76.27,5.02,20.79,25.81,4.19,4.98,0.22,31.32,4.01,1.61,NA,NA,0.01,0.02,29.27,83.91,1.66,119.89,NA,0.00,83.46,999.27,-0.06
2022-05-01 00:00:00,32.33,57.87,5.78,21.93,27.70,4.24,7.58,0.21,29.76,5.02,2.11,NA,NA,0.02,0.03,28.84,77.82,1.29,171.34,NA,0.00,105.23,999.22,-0.03
2022-05-02 00:00:00,24.92,38.17,5.35,20.02,25.37,4.88,4.14,0.22,29.98,4.47,1.93,NA,NA,0.01,0.03,27.90,91.28,1.06,113.45,NA,0.00,109.80,999.61,-0.01
2022-05-03 00:00:00,17.48,34.84,4.80,17.35,22.15,5.75,3.70,0.22,29.94,3.71,1.56,NA,NA,0.06,0.03,27.05,93.74,1.20,119.42,NA,0.00,76.11,NA,-0.02
2022-05-04 00:00:00,19.60,50.43,6.03,17.22,23.25,5.78,5.42,0.26,35.56,3.74,1.60,NA,NA,0.01,0.03,28.68,90.45,0.78,118.69,NA,0.00,112.10,NA,0.00
2022-05-05 00:00:00,19.55,59.57,5.34,17.35,22.68,5.80,5.98,0.23,40.53,2.87,1.18,NA,NA,0.01,0.03,28.38,91.03,0.78,189.00,NA,0.00,91.27,997.10,0.00
2022-05-06 00:00:00,29.71,71.93,7.05,17.42,24.46,5.85,11.36,0.29,53.28,4.31,1.84,NA,NA,0.02,0.04,29.57,80.07,0.70,143.48,NA,0.00,119.94,999.97,0.00
2022-05-07 00:00:00,26.07,63.96,5.57,17.03,22.61,5.78,6.51,0.23,49.11,2.51,1.07,NA,NA,0.01,0.03,30.53,82.02,0.66,156.16,NA,0.00,117.18,999.68,0.01
2022-05-08 00:00:00,26.35,71.42,4.85,16.80,21.62,5.70,12.32,0.17,30.06,2.28,1.00,NA,NA,0.02,0.04,28.88,98.71,0.40,159.10,NA,0.00,15.76,NA,0.00
2022-05-09 00:00:00,10.72,27.56,5.74,16.73,22.44,5.85,3.10,0.27,19.13,1.91,0.84,NA,NA,NA,0.02,26.09,99.15,0.67,74.69,NA,0.00,50.15,869.25,0.01
2022-05-10 00:00:00,8.27,35.73,6.95,17.20,24.14,5.24,2.52,0.23,20.13,2.91,1.26,NA,NA,0.06,0.03,27.83,97.77,0.60,108.81,NA,0.00,74.84,846.06,0.01
2022-05-11 00:00:00,15.35,50.47,4.83,28.45,33.24,5.08,3.19,0.40,15.83,3.74,1.55,NA,NA,0.02,0.04,27.62,99.04,0.98,107.52,NA,0.00,76.57,783.92,-0.00
2022-05-12 00:00:00,21.05,60.10,2.04,21.05,23.08,4.75,5.70,0.16,5.93,3.45,1.35,NA,NA,0.01,0.03,29.12,96.92,1.22,114.26,NA,0.00,62.91,744.60,-0.03
2022-05-13 00:00:00,25.81,67.23,1.31,20.33,21.63,4.73,6.78,0.16,6.76,3.60,1.45,NA,NA,NA,0.02,29.89,94.93,1.50,121.53,NA,0.00,66.38,725.00,-0.06
2022-05-14 00:00:00,18.65,49.60,1.37,20.62,21.97,5.15,6.89,0.19,18.98,3.76,1.46,NA,NA,NA,0.02,29.78,95.71,1.60,120.67,NA,0.00,72.21,NA,-0.06
2022-05-15 00:00:00,17.26,44.95,2.63,22.10,24.73,6.63,6.86,0.23,6.14,5.26,2.13,NA,NA,NA,0.02,30.22,95.88,1.81,111.99,NA,0.00,57.96,NA,-0.08
2022-05-16 00:00:00,16.23,46.48,2.99,22.17,25.16,6.68,7.51,0.21,14.68,3.48,1.43,NA,NA,NA,0.02,30.61,93.15,1.48,116.00,NA,0.00,76.77,991.66,-0.05
2022-05-17 00:00:00,21.15,42.07,3.52,19.85,23.36,6.33,6.19,0.20,18.60,3.46,1.41,NA,NA,NA,0.01,30.96,90.78,1.64,111.50,NA,0.00,64.00,990.85,-0.07
2022-05-18 00:00:00,19.31,36.52,4.63,15.97,20.61,5.45,9.06,0.18,19.30,4.29,2.07,NA,NA,0.64,0.11,30.95,92.19,1.43,111.98,NA,0.00,111.65,991.67,-0.06
2022-05-19 00:00:00,19.91,38.26,4.70,16.19,20.88,5.44,9.39,0.24,19.17,1.90,0.82,NA,NA,0.01,0.02,30.01,98.67,1.43,117.45,NA,0.00,64.54,991.14,-0.04
2022-05-20 00:00:00,21.01,43.22,4.77,16.15,20.93,5.47,8.29,0.21,23.02,2.32,0.99,NA,NA,NA,0.01,31.09,91.93,1.40,118.66,NA,0.00,139.02,996.01,-0.04
2022-05-21 00:00:00,26.19,52.34,4.81,15.94,20.76,5.49,7.32,0.27,25.63,4.85,2.06,NA,NA,0.01,0.03,29.27,92.90,1.62,128.34,NA,0.00,131.60,984.03,-0.06
2022-05-22 00:00:00,36.58,66.16,8.27,17.29,25.53,5.76,7.74,0.37,26.59,7.11,3.08,NA,NA,0.02,0.06,28.11,89.64,0.64,161.66,NA,0.00,61.46,977.67,0.01
2022-05-23 00:00:00,41.43,71.92,10.33,18.54,28.85,7.43,6.61,0.33,35.94,4.08,1.85,NA,NA,0.02,0.06,29.87,89.96,0.70,110.80,NA,0.00,102.56,982.63,-0.00
2022-05-24 00:00:00,32.79,59.57,10.16,20.47,30.62,9.70,7.24,0.32,34.13,3.54,1.72,NA,NA,0.04,0.08,29.97,88.60,0.77,147.70,NA,0.00,101.76,982.92,-0.00
2022-05-25 00:00:00,32.02,60.36,7.12,18.81,25.93,9.51,11.05,0.26,44.69,3.77,1.56,NA,NA,0.02,0.03,30.64,84.87,0.62,156.52,NA,0.00,123.64,984.78,0.01
2022-05-26 00:00:00,38.44,76.49,7.77,22.39,30.16,9.64,9.48,0.35,41.75,3.35,1.62,NA,NA,0.03,0.07,29.93,86.74,0.66,152.21,NA,0.00,117.91,982.79,0.00
2022-05-27 00:00:00,56.80,115.03,10.06,16.60,26.55,9.41,17.17,0.38,47.49,3.10,1.57,NA,NA,0.04,0.08,31.40,78.90,0.72,188.74,NA,0.00,108.80,986.91,0.01
2022-05-28 00:00:00,57.51,107.81,13.49,21.70,35.19,9.91,15.53,0.29,61.42,2.11,0.86,NA,NA,0.01,0.03,32.24,77.58,0.67,169.71,NA,0.00,117.81,987.11,0.00
2022-05-29 00:00:00,39.05,77.63,14.49,21.58,36.07,9.99,7.07,0.33,34.01,4.52,1.84,NA,NA,0.01,0.04,28.99,95.27,0.77,115.08,NA,0.00,97.80,980.17,-0.00
2022-05-30 00:00:00,41.06,83.56,13.80,21.39,35.19,9.96,6.69,0.27,41.26,2.44,1.01,NA,NA,NA,0.03,30.58,89.85,0.70,89.51,NA,0.00,112.07,985.99,-0.00
2022-05-31 00:00:00,32.42,68.35,12.28,18.48,30.76,8.40,4.59,0.29,42.58,2.35,0.93,NA,NA,0.06,0.03,30.55,94.72,1.07,112.42,NA,0.00,98.95,987.55,-0.01
2022-06-01 00:00:00,38.67,78.37,11.19,14.21,25.39,5.71,4.59,0.30,36.64,2.31,0.98,NA,NA,0.02,0.04,29.81,97.61,1.02,145.88,NA,0.00,69.26,989.01,-0.01
2022-06-02 00:00:00,31.74,69.45,9.39,12.46,21.84,5.60,4.18,0.27,47.49,2.68,1.03,NA,NA,NA,0.02,30.14,95.55,1.28,111.61,NA,0.00,72.31,991.09,-0.02
2022-06-03 00:00:00,39.40,73.45,9.87,12.91,22.78,5.61,6.04,0.26,33.68,3.92,1.54,NA,NA,0.01,0.03,29.37,98.69,1.27,130.45,NA,0.00,71.77,990.53,-0.02
2022-06-04 00:00:00,37.96,82.17,10.31,14.14,24.45,6.67,4.80,0.23,35.05,2.52,1.05,NA,NA,NA,0.02,30.81,94.13,1.51,113.78,NA,0.00,105.77,997.07,-0.05
2022-06-05 00:00:00,29.59,70.14,12.16,18.31,30.47,9.26,3.83,0.20,30.03,3.59,1.51,NA,NA,NA,0.01,31.19,93.42,1.66,110.39,NA,0.00,115.70,997.43,-0.06
2022-06-06 00:00:00,30.08,68.63,11.89,18.49,30.38,9.24,3.89,0.23,32.96,2.63,1.12,NA,NA,NA,0.01,31.25,92.52,1.60,112.37,NA,0.00,117.76,996.92,-0.06
2022-06-07 00:00:00,31.69,67.01,12.05,18.93,30.96,9.22,4.56,0.25,36.71,2.26,0.91,NA,NA,NA,NA,31.31,91.37,1.38,116.72,NA,0.00,110.72,996.23,-0.04
2022-06-08 00:00:00,37.12,77.59,12.68,19.52,32.19,7.65,4.96,0.27,35.80,NA,NA,NA,NA,NA,NA,30.90,93.99,1.39,123.48,NA,0.00,88.05,995.57,-0.04
2022-06-09 00:00:00,30.27,77.09,12.46,18.85,31.29,5.48,3.91,0.26,31.51,NA,NA,NA,NA,NA,NA,30.26,95.09,1.64,117.76,NA,0.00,93.19,995.58,-0.05
2022-06-10 00:00:00,31.42,66.75,14.13,19.38,33.50,5.49,5.55,0.29,27.45,NA,NA,NA,NA,NA,NA,28.62,96.59,1.12,141.40,NA,0.00,82.36,996.42,-0.02
2022-06-11 00:00:00,31.14,62.08,13.48,19.30,32.79,5.45,5.15,0.29,24.75,NA,NA,NA,NA,NA,NA,29.18,99.11,1.39,111.41,NA,0.00,60.07,996.42,-0.03
2022-06-12 00:00:00,30.26,60.25,12.82,18.98,31.79,5.42,4.84,0.25,27.11,NA,NA,NA,NA,NA,NA,30.39,98.29,1.65,110.59,NA,0.00,86.46,997.41,-0.05
2022-06-13 00:00:00,25.17,54.09,12.46,18.76,31.22,5.40,5.34,0.21,27.40,NA,NA,NA,NA,NA,NA,31.14,93.49,1.62,110.95,NA,0.00,129.99,998.70,-0.05
2022-06-14 00:00:00,23.21,47.41,12.32,18.97,31.30,5.43,4.66,0.17,23.52,NA,NA,NA,NA,NA,NA,30.83,94.81,1.75,119.19,NA,0.00,112.73,998.04,-0.07
2022-06-15 00:00:00,29.72,50.38,12.70,19.89,32.59,5.41,5.09,0.20,24.40,NA,NA,NA,NA,NA,NA,29.39,97.94,0.80,148.78,NA,0.00,40.16,998.50,-0.01
2022-06-16 00:00:00,27.41,50.10,12.22,19.52,31.75,5.39,5.73,0.15,24.60,NA,NA,NA,NA,NA,NA,30.34,97.36,1.36,114.20,NA,0.00,56.14,998.96,-0.04
2022-06-17 00:00:00,21.73,42.38,12.46,19.75,32.22,5.45,6.80,0.17,18.61,NA,NA,NA,NA,NA,NA,29.15,95.80,1.17,139.05,NA,0.00,65.07,999.17,-0.02
2022-06-18 00:00:00,21.46,35.20,12.75,20.10,32.84,5.44,6.16,0.17,12.57,NA,NA,NA,NA,NA,NA,27.80,99.12,0.89,140.87,NA,0.00,36.52,998.89,-0.01
2022-06-19 00:00:00,19.83,31.45,12.59,19.96,32.54,5.39,5.29,0.17,14.61,NA,NA,NA,NA,NA,NA,28.29,97.45,0.59,171.02,NA,0.00,68.33,998.71,-0.00
2022-06-20 00:00:00,21.83,34.87,12.91,20.17,33.09,5.49,5.91,0.19,16.72,NA,NA,NA,NA,NA,NA,28.12,99.11,0.84,125.77,NA,0.00,56.30,996.83,-0.01
2022-06-21 00:00:00,24.56,42.02,11.15,22.69,33.84,5.59,10.50,0.19,33.37,NA,NA,NA,NA,NA,NA,29.44,94.22,0.90,129.02,NA,0.00,93.35,996.00,-0.00
2022-06-22 00:00:00,20.08,38.60,6.96,29.32,36.27,5.39,0.96,0.20,21.66,NA,NA,NA,NA,NA,NA,28.67,98.49,1.12,130.09,NA,0.00,60.75,998.36,-0.01
2022-06-23 00:00:00,19.11,34.50,5.51,28.63,34.14,4.50,1.82,0.16,19.14,NA,NA,NA,NA,NA,NA,28.68,97.96,1.26,106.06,NA,0.00,87.95,999.12,-0.02
2022-06-24 00:00:00,20.30,40.37,6.40,31.10,37.51,4.59,2.59,0.22,17.18,NA,NA,NA,NA,NA,NA,27.89,99.08,0.94,101.38,NA,0.00,52.93,998.02,-0.00
2022-06-25 00:00:00,23.91,43.44,8.15,30.89,39.04,4.85,4.70,0.24,15.03,NA,NA,NA,NA,NA,NA,27.36,99.15,0.67,105.66,NA,0.00,63.10,997.00,0.01
2022-06-26 00:00:00,19.10,30.74,14.59,30.85,45.43,5.29,4.28,0.25,9.97,NA,NA,NA,NA,NA,NA,27.83,99.07,0.58,133.37,NA,0.00,71.84,998.62,0.01
2022-06-27 00:00:00,16.16,31.43,7.36,26.34,33.70,5.80,3.78,0.18,15.01,NA,NA,NA,NA,NA,NA,29.91,94.74,1.12,109.40,NA,0.00,90.42,998.56,-0.02
2022-06-28 00:00:00,19.87,36.27,10.53,19.92,29.97,6.69,5.72,0.21,19.90,4.02,1.81,NA,NA,0.02,0.03,30.41,92.02,1.10,117.54,NA,0.00,99.77,998.58,-0.02
2022-06-29 00:00:00,19.06,35.81,16.17,20.88,37.04,5.88,4.57,0.22,20.70,6.86,3.03,NA,NA,0.02,0.03,30.02,96.00,1.12,106.27,NA,0.00,90.71,996.98,-0.02
2022-06-30 00:00:00,22.29,38.09,12.72,24.42,37.14,6.36,5.25,0.25,22.20,7.86,3.49,NA,NA,0.02,0.04,28.93,99.12,0.88,125.40,NA,0.00,45.15,996.43,0.00
2022-07-01 00:00:00,27.02,48.45,11.49,26.06,37.51,6.55,6.16,0.26,24.03,10.39,4.69,NA,NA,0.03,0.05,28.98,99.12,0.81,139.17,NA,0.00,49.37,995.69,0.00
2022-07-02 00:00:00,23.75,35.74,9.30,24.68,33.97,6.59,5.44,0.26,25.11,7.80,3.52,NA,NA,0.02,0.04,28.48,97.60,0.55,123.00,NA,0.00,74.53,994.59,0.01
2022-07-03 00:00:00,19.58,28.64,8.56,24.19,32.75,6.71,4.69,0.28,21.05,10.87,4.96,NA,NA,0.02,0.04,27.79,99.18,0.89,103.81,NA,0.00,74.96,995.15,-0.00
2022-07-04 00:00:00,17.73,36.32,7.52,24.31,31.83,6.84,4.61,0.24,21.33,6.96,3.17,NA,NA,0.01,0.03,29.90,96.59,0.94,101.46,NA,0.00,89.11,995.03,-0.01
2022-07-05 00:00:00,16.84,33.22,7.76,24.82,32.57,7.05,4.68,0.23,18.38,7.73,3.39,NA,NA,0.02,0.03,29.02,97.57,0.59,78.27,NA,0.00,82.05,995.08,-0.00
2022-07-06 00:00:00,15.71,26.38,8.05,23.83,31.88,6.82,4.29,0.24,17.99,10.61,4.67,NA,NA,0.21,0.06,28.42,99.14,0.93,102.40,NA,0.00,59.13,997.56,-0.02
2022-07-07 00:00:00,13.73,26.71,8.98,23.31,32.18,4.43,4.26,0.21,16.38,3.21,1.45,NA,NA,NA,0.02,29.61,97.21,0.95,95.67,NA,0.00,102.37,998.64,-0.03
2022-07-08 00:00:00,16.37,30.86,7.77,22.96,30.73,1.93,4.63,0.22,17.81,7.69,3.37,NA,NA,0.01,0.03,29.53,98.32,1.06,97.44,NA,0.00,74.82,997.59,-0.02
2022-07-09 00:00:00,17.85,29.44,6.75,22.51,29.27,1.96,4.45,0.22,18.14,9.92,4.38,NA,NA,0.01,0.03,29.22,98.23,0.90,91.89,NA,0.00,91.96,995.77,-0.01
2022-07-10 00:00:00,15.79,24.69,8.54,23.97,32.51,2.11,4.47,0.27,14.56,10.46,4.68,NA,NA,0.02,0.04,27.84,99.12,0.64,110.26,NA,0.00,64.23,995.18,-0.00
2022-07-11 00:00:00,15.75,27.04,5.92,22.24,28.17,2.02,4.25,0.19,18.92,7.98,3.46,NA,NA,0.01,0.03,28.75,99.13,0.93,89.93,NA,0.00,96.13,995.46,-0.03
2022-07-12 00:00:00,15.95,26.43,5.51,21.92,27.42,2.02,4.62,0.20,20.06,8.36,3.62,NA,NA,0.01,0.02,28.67,99.12,1.04,84.82,NA,0.00,73.83,994.12,-0.04
2022-07-13 00:00:00,17.84,28.07,5.38,22.24,27.60,1.93,4.30,0.19,17.02,8.15,3.49,NA,NA,NA,0.02,28.67,98.54,0.94,76.65,NA,0.00,103.49,992.79,-0.03
2022-07-14 00:00:00,14.24,26.45,6.21,22.37,28.59,1.90,4.39,0.17,17.86,9.77,4.23,NA,NA,0.01,0.03,28.59,98.90,1.07,87.09,NA,0.00,79.19,993.29,-0.04
2022-07-15 00:00:00,14.03,24.74,6.62,22.44,29.07,1.78,4.26,0.13,17.90,9.86,4.30,NA,NA,0.01,0.03,29.01,97.03,0.97,82.68,NA,0.00,112.17,995.21,-0.03
2022-07-16 00:00:00,13.28,24.13,6.94,23.12,30.06,14.09,4.34,0.17,14.84,7.12,3.07,NA,NA,0.01,0.03,28.50,99.20,0.79,75.96,NA,0.00,80.34,996.27,-0.01
2022-07-17 00:00:00,13.32,24.71,5.66,23.44,29.11,1.81,4.57,0.16,17.41,9.84,4.22,NA,NA,0.02,0.03,28.54,99.18,1.03,92.58,NA,0.00,87.15,998.26,-0.02
2022-07-18 00:00:00,16.16,32.48,7.33,23.78,31.11,1.65,4.41,0.17,19.11,9.65,4.30,NA,NA,0.02,0.03,29.21,97.86,1.39,106.86,NA,0.00,106.95,998.71,-0.04
2022-07-19 00:00:00,19.11,34.47,6.06,24.37,30.41,1.59,5.16,0.18,26.11,7.26,3.16,NA,NA,0.01,0.03,29.40,98.16,0.91,130.05,NA,0.00,81.12,997.27,-0.01
2022-07-20 00:00:00,23.09,45.09,5.36,24.21,29.57,1.65,6.40,0.20,25.05,7.70,3.67,NA,NA,0.79,0.13,29.63,98.44,1.03,116.37,NA,0.00,68.44,997.40,-0.01
2022-07-21 00:00:00,22.99,41.69,6.57,25.80,32.36,1.45,4.75,0.22,19.90,9.62,4.18,NA,NA,0.02,0.04,28.85,98.88,0.73,103.14,NA,0.00,74.55,997.72,0.00
2022-07-22 00:00:00,21.06,42.43,6.82,27.75,34.57,1.89,4.17,0.19,14.81,7.01,3.06,NA,NA,0.02,0.04,28.91,97.80,0.74,90.91,NA,0.00,106.03,998.58,-0.01
2022-07-23 00:00:00,16.42,28.84,5.81,26.10,31.91,1.96,4.28,0.19,14.90,9.99,4.25,NA,NA,0.02,0.04,27.48,99.25,0.88,99.62,NA,0.00,56.77,998.70,-0.01
2022-07-24 00:00:00,16.20,25.95,5.85,24.49,30.37,1.90,4.26,0.18,13.59,10.52,4.55,NA,NA,0.02,0.04,26.13,99.33,0.82,101.74,NA,0.00,45.69,999.36,-0.00
2022-07-25 00:00:00,19.09,34.83,8.45,26.59,35.04,2.06,4.99,0.21,12.30,7.27,3.14,NA,NA,0.01,0.04,26.99,99.35,0.84,101.47,NA,0.00,55.73,NA,-0.00
2022-07-26 00:00:00,21.73,30.45,9.41,24.21,33.62,1.62,4.74,0.16,15.91,6.80,2.91,NA,NA,0.02,0.04,28.31,98.50,0.98,111.12,NA,0.00,88.00,NA,-0.01
2022-07-27 00:00:00,21.45,30.05,11.91,26.94,38.86,1.32,6.35,0.18,14.83,7.59,3.33,NA,NA,0.02,0.05,29.04,98.17,0.82,122.38,NA,0.00,113.72,NA,-0.00
2022-07-28 00:00:00,17.61,30.53,10.30,28.63,38.93,1.81,4.88,0.17,13.41,6.65,2.92,NA,NA,0.03,0.06,29.83,95.76,0.47,144.77,NA,0.00,115.46,NA,0.01
2022-07-29 00:00:00,18.02,33.61,6.84,27.40,34.24,1.77,5.25,0.18,15.61,9.14,4.00,NA,NA,0.03,0.05,29.82,98.43,0.63,151.57,NA,0.00,108.55,999.07,0.00
2022-07-30 00:00:00,13.66,31.03,5.28,24.67,29.95,1.91,8.55,0.14,18.40,9.30,4.09,NA,NA,0.02,0.04,30.76,94.22,0.82,133.84,NA,0.00,135.63,998.87,-0.01
2022-07-31 00:00:00,20.61,37.98,4.93,25.14,30.07,1.83,5.99,0.19,21.54,9.40,4.08,NA,NA,0.02,0.03,29.96,99.13,0.89,116.15,NA,0.00,85.17,998.21,-0.01
2022-08-01 00:00:00,25.01,45.52,5.63,28.33,33.96,2.40,6.29,0.26,26.15,9.41,4.08,NA,NA,0.02,0.05,29.97,97.76,0.84,168.45,NA,0.00,90.91,998.33,0.01
2022-08-02 00:00:00,33.36,55.10,7.86,29.92,37.77,2.63,5.05,0.26,22.11,9.50,4.25,NA,NA,0.03,0.06,29.25,98.51,0.55,152.38,NA,0.00,84.30,997.92,0.01
2022-08-03 00:00:00,25.68,46.64,9.44,31.35,40.79,2.86,5.40,0.27,11.04,9.55,4.20,NA,NA,0.03,0.06,28.65,99.22,0.54,136.69,NA,0.00,56.27,998.66,0.01
2022-08-04 00:00:00,18.64,35.85,10.00,29.51,39.44,2.84,4.60,0.22,14.29,7.95,3.61,NA,NA,0.03,0.06,29.03,98.72,0.69,140.93,NA,0.00,117.50,998.74,-0.01
2022-08-05 00:00:00,12.31,34.89,8.63,27.77,36.39,2.76,3.85,0.25,11.44,6.97,3.43,NA,NA,1.05,0.18,29.29,98.44,0.62,94.35,NA,0.00,112.33,997.43,-0.00
2022-08-06 00:00:00,13.89,26.85,7.69,24.64,32.32,2.38,4.21,0.24,20.52,7.91,3.37,NA,NA,0.02,0.04,28.66,99.19,0.55,115.82,NA,0.00,107.54,995.36,0.00
2022-08-07 00:00:00,12.75,22.74,8.50,22.97,31.47,1.90,4.35,0.20,24.67,9.52,4.14,NA,NA,0.02,0.03,28.99,97.75,0.72,91.71,NA,0.00,129.08,994.30,-0.01
2022-08-08 00:00:00,12.78,22.44,7.39,23.33,30.73,1.93,4.41,0.24,21.15,6.39,2.71,NA,NA,NA,0.02,28.30,99.19,0.93,77.73,NA,0.00,72.55,993.32,-0.03
2022-08-09 00:00:00,13.10,21.64,6.85,20.07,26.92,2.46,4.70,0.20,16.30,7.30,2.93,NA,NA,NA,0.02,27.09,99.26,1.37,84.97,NA,0.00,71.01,992.32,-0.07
2022-08-10 00:00:00,10.14,19.63,9.84,20.69,30.53,3.00,4.87,0.27,14.84,7.43,3.09,NA,NA,0.01,0.03,26.87,99.33,0.78,102.38,NA,0.00,61.79,992.25,-0.01
2022-08-11 00:00:00,13.08,27.02,12.02,21.94,33.89,3.01,5.47,0.30,14.91,6.81,2.86,NA,NA,0.02,0.04,26.70,99.37,0.66,113.68,NA,0.00,58.15,995.78,0.01
2022-08-12 00:00:00,23.38,45.23,16.63,25.56,42.41,4.21,5.10,0.32,20.34,6.70,2.92,NA,NA,0.02,0.05,28.22,99.25,0.49,138.04,NA,0.00,86.56,996.33,0.01
2022-08-13 00:00:00,19.02,43.15,23.91,12.99,36.90,1.37,4.12,0.32,15.24,7.97,3.62,NA,NA,0.03,0.06,28.87,98.21,0.55,106.32,NA,0.00,132.02,993.82,-0.00
2022-08-14 00:00:00,9.47,22.22,21.60,10.35,31.96,0.64,4.10,0.19,16.32,8.27,3.44,NA,NA,0.01,0.03,26.48,99.37,1.46,87.68,NA,0.00,46.82,993.76,-0.06
2022-08-15 00:00:00,12.36,32.44,26.93,9.86,36.79,0.43,4.34,0.28,13.81,8.72,3.69,NA,NA,0.01,0.03,27.49,99.35,1.09,103.73,NA,0.00,58.24,996.63,-0.02
2022-08-16 00:00:00,20.20,42.98,18.74,13.80,31.76,3.66,4.26,0.27,23.42,6.08,2.73,NA,NA,0.02,0.04,29.92,94.13,0.58,186.12,NA,0.00,152.43,999.12,0.01
2022-08-17 00:00:00,35.28,67.61,12.85,30.12,26.45,5.76,6.24,0.41,34.04,6.10,2.69,NA,NA,0.04,0.06,31.09,94.13,1.26,257.30,NA,0.00,158.15,997.67,-0.00
2022-08-18 00:00:00,43.02,82.46,33.81,5.85,39.11,3.64,7.11,0.42,23.90,8.86,4.01,NA,NA,0.06,0.08,30.87,95.82,1.38,251.36,NA,0.00,105.69,995.52,-0.01
2022-08-19 00:00:00,17.42,33.82,47.95,6.19,50.67,2.46,5.46,0.30,15.59,9.84,4.20,NA,NA,0.04,0.06,27.08,99.28,1.25,207.86,NA,0.00,45.00,993.02,-0.04
2022-08-20 00:00:00,11.38,28.37,52.91,7.50,60.39,3.75,4.28,0.30,14.86,6.27,2.54,NA,NA,NA,0.02,26.78,99.41,1.37,98.39,NA,0.00,64.84,996.09,-0.04
2022-08-21 00:00:00,24.03,45.48,NA,NA,NA,NA,4.77,0.28,17.53,9.34,3.85,NA,NA,0.01,0.03,28.91,99.31,0.93,99.40,NA,0.00,105.37,997.34,-0.01
2022-08-22 00:00:00,30.38,56.51,NA,NA,NA,NA,5.07,0.45,17.23,7.23,3.61,NA,NA,0.08,0.19,29.20,97.82,0.61,152.75,NA,0.00,132.15,997.00,0.01
2022-08-23 00:00:00,23.66,50.89,NA,NA,NA,NA,4.08,0.40,21.14,5.62,2.75,NA,NA,0.08,0.13,28.07,99.12,0.50,174.65,NA,0.00,90.10,998.89,0.01
2022-08-24 00:00:00,15.15,31.30,NA,NA,NA,NA,5.64,0.35,17.19,6.24,2.73,NA,NA,0.04,0.07,26.74,99.46,1.04,160.63,NA,0.00,55.76,1000.01,-0.01
2022-08-25 00:00:00,19.25,46.13,7.66,13.07,20.74,33.11,7.57,0.34,23.94,3.59,1.44,NA,NA,NA,0.03,28.89,96.96,1.48,120.04,NA,0.00,110.64,999.96,-0.01
2022-08-26 00:00:00,26.05,52.56,7.99,11.88,19.87,27.56,5.29,0.32,30.40,2.21,0.89,NA,NA,NA,0.02,29.88,95.27,0.61,132.20,NA,0.00,131.46,998.94,-0.00
2022-08-27 00:00:00,28.48,55.29,5.67,14.22,19.89,19.76,5.01,0.31,27.75,1.44,0.60,NA,NA,NA,0.02,29.85,98.99,0.83,122.20,NA,0.00,92.68,998.77,-0.01
2022-08-28 00:00:00,21.12,43.71,8.66,20.69,29.35,36.25,4.18,0.31,18.63,1.95,0.79,NA,NA,NA,0.02,28.91,99.20,1.08,102.31,NA,0.00,136.82,1000.77,-0.02
2022-08-29 00:00:00,20.94,62.63,8.53,16.96,25.48,39.75,4.11,0.27,17.45,2.12,0.87,NA,NA,NA,0.01,30.38,93.71,1.07,105.97,NA,0.00,166.80,1003.28,-0.01
2022-08-30 00:00:00,14.00,31.91,6.58,12.51,19.08,29.08,5.35,0.26,20.81,1.42,0.58,NA,NA,NA,NA,30.93,92.44,0.68,136.49,NA,0.00,167.15,1003.53,-0.01
2022-08-31 00:00:00,12.48,41.09,6.03,13.34,19.38,23.37,6.55,0.31,17.96,0.93,0.39,NA,NA,NA,NA,30.85,94.06,0.79,124.26,NA,0.00,152.47,1002.09,-0.01
2022-09-01 00:00:00,8.28,23.21,9.31,17.61,26.85,20.19,5.29,0.35,14.13,1.34,0.62,NA,NA,NA,0.08,30.34,97.82,0.75,139.27,NA,0.00,117.90,993.63,-0.00
2022-09-02 00:00:00,9.91,25.19,6.52,14.73,21.25,25.52,6.22,0.35,19.21,1.57,0.77,NA,NA,NA,0.13,30.87,94.28,0.64,154.22,0.00,0.00,155.15,985.43,-0.01
2022-09-03 00:00:00,11.19,32.25,6.63,17.69,24.33,41.87,4.93,0.39,19.57,2.43,1.10,NA,NA,NA,0.14,28.97,99.17,0.89,164.93,0.08,7.40,109.94,980.13,-0.01
2022-09-04 00:00:00,29.65,55.64,6.56,19.66,26.22,32.84,5.72,0.36,31.18,2.33,1.08,NA,NA,NA,0.14,29.85,97.55,0.67,165.02,0.00,0.00,121.77,982.58,0.00
2022-09-05 00:00:00,26.06,50.20,5.57,17.84,23.42,23.53,4.93,0.38,30.25,1.98,0.95,NA,NA,NA,0.14,30.77,97.34,0.76,136.61,0.00,0.00,128.22,985.15,-0.00
2022-09-06 00:00:00,28.36,63.82,18.82,38.53,57.35,30.55,5.12,0.53,22.65,2.38,1.57,NA,NA,0.06,0.26,28.97,99.22,0.56,149.13,0.36,33.80,87.38,980.11,0.01
2022-09-07 00:00:00,26.22,55.51,20.25,27.14,47.39,28.31,4.59,0.35,17.41,2.01,1.07,NA,NA,0.02,0.17,30.71,95.09,0.50,119.12,0.00,0.00,152.41,985.00,0.00
2022-09-08 00:00:00,10.49,41.10,33.39,28.47,61.86,29.03,4.76,0.52,17.92,1.13,0.67,NA,NA,0.01,0.17,30.60,91.51,0.74,102.81,0.07,6.40,169.64,984.69,-0.01
2022-09-09 00:00:00,25.54,51.77,27.25,34.27,61.52,30.00,4.74,0.39,21.81,2.01,1.20,NA,NA,0.79,0.68,29.98,97.10,0.50,121.52,0.00,0.00,118.31,982.93,-0.00
2022-09-10 00:00:00,12.82,33.78,10.88,18.25,29.17,47.32,4.82,0.33,16.27,1.87,0.86,NA,NA,NA,0.14,28.51,98.52,0.85,83.66,0.05,5.00,130.04,978.85,-0.01
2022-09-11 00:00:00,11.18,22.32,12.96,15.07,28.03,119.80,3.74,0.34,15.63,5.79,2.31,NA,NA,0.01,0.14,26.76,99.29,1.09,87.50,0.25,23.60,66.42,973.93,-0.02
2022-09-12 00:00:00,11.66,18.80,13.77,20.30,34.07,174.75,4.12,0.36,13.48,5.51,2.28,NA,NA,0.01,0.15,25.21,99.50,0.95,99.15,1.15,108.80,30.39,969.59,-0.00
2022-09-13 00:00:00,12.66,34.96,13.38,21.21,34.59,141.42,4.70,0.36,13.50,4.12,1.73,NA,NA,0.01,0.16,25.49,99.80,1.02,104.33,0.54,51.60,37.16,970.39,-0.00
2022-09-14 00:00:00,14.22,35.74,15.06,17.82,32.88,112.40,4.69,0.40,14.49,4.12,1.72,NA,NA,0.02,0.16,27.10,98.05,0.97,109.33,0.00,0.00,53.36,971.79,0.00
2022-09-15 00:00:00,23.15,48.46,19.92,20.08,40.00,66.24,4.38,0.36,12.48,3.28,1.40,NA,NA,0.02,0.17,27.86,99.91,0.70,113.91,0.02,2.00,68.90,977.00,0.01
2022-09-16 00:00:00,24.51,50.82,34.55,30.82,65.48,108.84,4.72,0.50,15.90,4.21,1.89,NA,NA,0.04,0.20,27.37,99.81,0.50,148.18,0.23,21.60,113.35,975.64,0.01
2022-09-17 00:00:00,29.99,56.17,25.67,23.62,49.29,80.06,4.94,0.45,10.83,4.30,1.85,NA,NA,0.03,0.19,27.13,99.91,0.41,126.30,0.35,33.20,58.15,974.96,0.02
2022-09-18 00:00:00,26.14,48.91,33.59,32.20,65.80,113.73,4.89,0.47,18.69,4.11,1.86,NA,NA,0.03,0.20,28.78,99.68,0.36,135.41,0.00,0.00,127.94,979.57,0.01
2022-09-19 00:00:00,16.35,36.35,15.36,24.21,39.55,86.04,4.36,0.29,16.26,2.81,1.24,NA,NA,0.01,0.15,28.08,99.77,0.62,82.01,0.04,4.00,110.60,977.62,-0.01
2022-09-20 00:00:00,15.43,29.64,11.93,22.73,34.59,103.24,4.33,0.35,16.00,3.67,1.52,NA,NA,NA,0.15,27.40,99.84,0.77,76.20,0.13,12.00,57.25,975.73,-0.00
2022-09-21 00:00:00,17.90,35.69,11.67,23.43,35.10,103.01,4.54,0.35,18.39,3.56,1.50,NA,NA,0.01,0.15,28.66,99.71,0.97,94.65,0.01,0.60,119.50,979.26,-0.01
2022-09-22 00:00:00,20.31,45.37,10.32,21.47,31.82,92.41,4.30,0.32,20.36,3.46,1.48,NA,NA,NA,0.15,29.19,99.64,0.99,97.51,0.00,0.20,131.98,980.73,-0.01
2022-09-23 00:00:00,22.88,51.60,7.41,17.29,24.69,87.56,4.56,0.31,23.55,3.13,1.35,NA,NA,NA,0.14,29.61,99.41,1.03,100.72,0.00,0.00,155.02,981.91,-0.01
2022-09-24 00:00:00,22.22,50.14,6.60,13.87,20.47,45.07,4.39,0.31,20.31,2.99,1.30,NA,NA,NA,0.14,29.94,98.31,0.88,99.54,0.00,0.00,156.31,982.85,-0.01
2022-09-25 00:00:00,20.05,46.44,6.41,13.02,19.43,39.05,5.17,0.30,19.61,2.62,1.17,NA,NA,NA,0.14,29.70,98.86,0.71,96.97,0.00,0.00,126.40,982.16,0.00
2022-09-26 00:00:00,23.13,51.01,12.68,13.74,26.35,24.12,5.39,0.38,21.56,2.14,1.01,NA,NA,0.02,0.15,29.49,99.13,0.60,168.77,0.00,0.00,131.95,981.57,0.01
2022-09-27 00:00:00,27.73,54.02,8.90,13.41,22.29,14.40,6.46,0.37,24.10,1.92,1.05,NA,NA,0.03,0.18,29.45,99.56,0.58,206.11,0.00,0.00,94.58,981.47,0.01
2022-09-28 00:00:00,31.91,65.38,14.00,16.25,30.18,17.92,7.62,0.53,23.38,2.89,1.77,NA,NA,0.06,0.23,28.87,99.01,0.81,265.11,0.22,21.00,87.89,979.85,0.01
2022-09-29 00:00:00,46.40,92.22,31.18,15.25,44.72,19.56,10.01,0.64,25.00,2.33,1.96,NA,NA,0.11,0.34,30.28,93.71,0.46,169.25,0.06,2.80,147.62,987.40,0.00
2022-09-30 00:00:00,47.05,84.65,13.35,12.70,26.14,58.74,8.66,0.57,20.22,2.47,1.64,NA,NA,0.23,0.27,30.01,96.31,0.61,232.47,0.02,1.00,101.90,993.17,-0.00
2022-10-01 00:00:00,49.10,88.00,8.21,15.70,23.90,57.39,8.06,0.45,15.14,2.53,1.48,NA,NA,0.10,0.10,29.60,96.27,0.72,226.84,0.01,1.40,98.86,994.90,-0.00
2022-10-02 00:00:00,27.45,49.09,8.50,14.16,22.61,63.44,6.84,0.49,11.36,3.74,1.62,NA,NA,0.07,0.06,27.66,96.37,0.47,190.26,0.00,0.00,56.83,992.49,0.01
2022-10-03 00:00:00,19.60,35.30,7.91,12.25,20.16,57.75,5.99,0.36,10.44,2.92,1.29,NA,NA,0.06,0.03,27.62,94.22,0.53,108.50,0.03,3.00,66.04,999.76,0.01
2022-10-04 00:00:00,13.50,26.00,8.20,10.58,18.77,66.24,5.94,0.52,10.03,3.65,1.50,NA,NA,0.05,0.02,28.27,92.00,0.94,87.43,0.08,7.60,114.19,1003.19,-0.01
2022-10-05 00:00:00,12.68,26.81,9.55,10.95,20.50,82.07,5.79,0.77,9.95,3.39,1.44,NA,NA,0.06,0.02,28.25,91.66,0.73,89.78,0.15,14.00,116.02,1004.98,-0.00
2022-10-06 00:00:00,11.41,21.22,10.81,11.03,21.84,87.52,6.02,0.55,9.75,4.46,1.84,NA,NA,0.06,0.03,27.66,90.82,0.59,102.26,0.03,2.80,106.05,1006.05,0.01
2022-10-07 00:00:00,14.11,34.20,17.35,10.49,27.89,90.39,6.45,1.08,9.83,3.67,1.64,NA,NA,0.07,0.06,28.47,90.85,0.42,133.36,0.04,4.00,104.31,1005.79,0.01
2022-10-08 00:00:00,19.54,42.72,15.85,11.45,27.30,103.97,6.59,1.17,10.04,3.04,1.38,NA,NA,0.06,0.04,30.08,83.62,0.68,155.53,0.00,0.00,138.35,1006.10,0.00
2022-10-09 00:00:00,13.62,26.54,9.05,11.86,20.91,115.33,6.02,1.17,9.98,2.82,1.23,NA,NA,0.05,0.02,30.10,85.46,0.77,113.86,0.00,0.00,143.51,1007.25,0.00
2022-10-10 00:00:00,15.03,21.72,7.45,11.87,19.33,94.90,6.65,0.90,12.84,2.18,0.97,NA,NA,0.05,0.01,29.97,86.87,0.67,119.43,0.00,0.00,111.98,1007.52,-0.00
2022-10-11 00:00:00,11.85,24.42,6.38,11.18,17.56,72.10,6.94,0.42,14.80,2.58,1.08,NA,NA,0.05,0.01,27.68,89.75,0.91,166.85,0.04,3.40,117.75,1005.85,-0.01
2022-10-12 00:00:00,10.70,27.74,8.54,10.62,19.17,58.50,6.61,0.50,16.11,3.22,1.36,NA,NA,0.07,0.03,25.37,85.96,0.58,139.73,0.33,31.60,143.85,1006.69,0.00
2022-10-13 00:00:00,19.65,44.72,13.05,10.54,23.59,53.04,8.17,0.63,24.81,3.49,1.87,NA,NA,0.11,0.20,25.91,84.42,0.42,136.28,0.02,2.20,151.70,1007.30,0.01
2022-10-14 00:00:00,39.46,79.88,24.83,18.84,43.67,40.84,7.22,0.75,13.71,2.88,1.93,NA,NA,0.15,0.28,24.44,92.03,0.40,191.79,0.21,20.00,66.58,1002.99,0.02
2022-10-15 00:00:00,42.30,85.65,15.63,23.21,38.87,19.86,6.08,1.00,19.37,3.68,2.47,NA,NA,0.14,0.19,26.79,82.32,0.33,211.73,0.00,0.20,157.89,1002.65,0.01
2022-10-16 00:00:00,37.88,82.37,5.69,19.27,24.96,49.91,6.50,0.63,26.81,4.73,2.13,NA,NA,0.09,0.07,26.76,74.27,0.91,266.51,0.00,0.00,152.73,1004.17,-0.02
2022-10-17 00:00:00,46.12,97.05,5.49,15.67,21.17,58.72,7.31,0.71,24.26,5.54,2.50,NA,NA,0.09,0.07,26.14,75.17,0.93,271.55,0.00,0.00,156.41,1004.03,-0.01
2022-10-18 00:00:00,53.65,105.77,5.99,18.88,24.87,54.88,7.10,0.62,21.70,4.99,2.50,NA,NA,0.13,0.11,26.25,83.61,0.68,243.80,0.00,0.00,133.28,1003.08,-0.01
2022-10-19 00:00:00,51.79,102.74,12.10,17.92,30.04,29.26,7.21,0.55,22.50,6.65,3.27,NA,NA,0.12,0.13,24.91,93.41,0.42,250.27,0.01,0.60,78.58,1003.26,0.00
2022-10-20 00:00:00,57.03,118.79,5.92,15.70,21.62,35.29,7.84,0.52,30.42,6.38,3.19,NA,NA,0.12,0.12,25.80,73.84,1.11,267.37,0.00,0.00,140.03,1004.44,-0.03
2022-10-21 00:00:00,59.90,117.10,4.42,13.57,17.99,38.99,7.63,0.43,25.60,8.36,3.69,NA,NA,0.10,0.08,25.93,67.78,1.21,264.28,0.00,0.00,143.79,1005.15,-0.04
2022-10-22 00:00:00,51.26,102.93,4.84,15.63,20.46,49.65,8.79,0.47,23.87,8.58,3.84,NA,NA,0.10,0.08,26.21,74.47,1.19,265.20,0.00,0.00,146.71,1004.71,-0.03
2022-10-23 00:00:00,40.51,90.79,6.47,12.72,19.20,51.00,6.72,0.41,16.66,9.31,4.13,NA,NA,0.10,0.08,24.39,89.48,0.71,197.33,0.00,0.00,71.11,1002.89,-0.00
2022-10-24 00:00:00,18.87,42.17,6.21,10.26,16.47,55.60,5.97,0.30,10.84,6.34,2.74,NA,NA,0.07,0.05,20.68,97.92,1.20,225.72,0.05,4.80,28.41,997.99,-0.07
2022-10-25 00:00:00,29.78,51.93,6.24,9.78,16.03,36.93,6.14,0.59,14.57,6.34,2.57,NA,NA,0.06,0.03,25.15,89.72,0.84,173.43,0.00,0.20,139.51,1004.88,0.00
2022-10-26 00:00:00,45.83,78.93,12.23,14.09,26.33,44.71,6.72,0.97,19.20,6.77,2.93,NA,NA,0.07,0.06,25.66,93.31,0.36,125.42,0.00,0.00,110.05,1008.94,0.01
2022-10-27 00:00:00,64.79,112.40,12.66,16.40,29.06,29.47,8.78,1.17,25.85,6.58,3.34,NA,NA,0.12,0.14,26.36,82.30,0.57,256.39,0.00,0.00,120.27,1008.59,0.01
2022-10-28 00:00:00,71.97,141.45,13.09,15.04,28.13,27.81,7.32,1.27,24.54,7.35,3.68,NA,NA,0.13,0.18,25.42,78.44,0.54,224.89,0.00,0.00,85.79,1008.06,0.00
2022-10-29 00:00:00,72.10,135.26,12.08,13.41,25.51,45.25,6.93,1.32,13.28,9.92,4.67,NA,NA,0.14,0.18,24.28,81.70,0.78,260.05,0.00,0.00,111.12,1007.94,-0.00
2022-10-30 00:00:00,52.92,102.77,10.28,13.35,23.59,65.48,6.27,1.16,16.51,10.05,4.70,NA,NA,0.11,0.12,25.12,78.72,0.57,254.75,0.00,0.00,140.55,1007.76,-0.01
2022-10-31 00:00:00,49.97,103.72,10.38,15.24,25.62,57.11,6.57,1.13,26.53,7.50,3.59,NA,NA,0.14,0.15,25.49,78.87,0.83,272.67,0.00,0.00,130.58,1008.15,-0.01
2022-11-01 00:00:00,58.15,115.88,6.67,17.20,23.88,39.62,8.44,0.93,27.29,7.26,3.67,NA,NA,0.14,0.15,26.48,75.77,0.87,270.67,0.00,0.00,131.85,1008.65,-0.01
2022-11-02 00:00:00,51.56,104.93,4.99,17.39,22.37,33.92,8.77,0.82,27.27,6.61,3.11,NA,NA,0.14,0.12,26.37,64.41,1.21,265.87,0.00,0.00,129.89,1007.25,-0.02
2022-11-03 00:00:00,63.70,130.33,20.93,18.77,39.70,40.67,6.81,1.17,23.23,7.10,3.32,NA,NA,0.13,0.15,24.49,65.15,0.78,262.22,0.00,0.00,86.07,1007.33,0.00
2022-11-04 00:00:00,80.98,156.24,30.60,20.44,51.04,61.20,6.87,1.52,18.12,9.81,4.83,NA,NA,0.17,0.25,24.48,80.36,0.74,240.27,0.00,0.00,113.13,1008.42,0.00
2022-11-05 00:00:00,92.83,175.67,36.20,20.76,57.13,63.95,3.80,1.83,22.82,8.78,4.72,NA,NA,0.24,0.38,24.61,79.55,0.66,244.54,0.00,0.00,80.21,1009.79,-0.00
2022-11-06 00:00:00,72.15,135.93,24.74,17.93,42.68,62.67,1.43,1.48,14.41,10.39,4.98,NA,NA,0.18,0.27,24.56,81.06,0.53,240.46,0.00,0.00,23.10,1009.93,0.01
2022-11-07 00:00:00,73.42,138.77,21.83,21.15,42.97,67.86,4.03,1.41,19.99,7.84,3.77,NA,NA,0.13,0.19,24.51,81.95,0.47,250.08,0.00,0.00,22.99,1009.43,0.01
2022-11-08 00:00:00,71.75,128.10,10.36,18.01,28.37,55.68,7.01,1.17,19.74,7.84,3.61,NA,NA,0.14,0.16,24.83,84.76,0.95,260.83,0.00,0.00,23.32,1009.31,0.00
2022-11-09 00:00:00,85.07,154.17,24.92,22.63,47.55,63.86,6.83,1.61,15.48,8.50,4.65,NA,NA,0.21,0.29,24.68,81.04,0.33,250.34,0.00,0.00,22.76,1009.40,0.01
2022-11-10 00:00:00,68.91,144.01,24.79,21.07,45.86,67.38,6.51,1.55,10.72,10.95,5.86,NA,NA,0.27,0.39,25.10,78.29,0.38,255.27,0.00,0.00,22.93,1009.37,0.00
2022-11-11 00:00:00,76.32,162.82,14.84,20.16,35.01,85.87,6.12,1.32,12.28,11.02,5.70,NA,NA,0.18,0.24,24.64,75.51,0.73,269.28,0.00,0.00,23.43,1009.36,0.00
2022-11-12 00:00:00,98.82,198.72,11.86,20.00,31.88,94.35,6.81,1.48,12.67,10.80,5.33,NA,NA,0.21,0.24,24.32,77.99,0.81,262.80,0.00,0.00,23.33,1009.21,-0.01
2022-11-13 00:00:00,97.97,179.46,10.20,18.53,28.75,105.04,6.13,1.29,11.30,10.20,4.81,NA,NA,0.17,0.20,23.58,58.43,0.72,242.47,0.00,0.00,23.80,1009.16,-0.02
2022-11-14 00:00:00,105.57,186.07,14.08,21.56,35.64,81.13,6.93,1.21,21.53,6.56,3.27,NA,NA,0.15,0.20,22.45,59.03,0.74,261.44,0.00,0.00,24.17,1009.35,-0.01
2022-11-15 00:00:00,111.52,194.34,6.01,18.08,24.09,77.39,7.58,0.89,6.97,8.96,4.28,NA,NA,0.18,0.22,20.95,66.59,0.68,275.41,0.00,0.00,28.69,1009.64,0.00
2022-11-16 00:00:00,NA,NA,NA,NA,NA,NA,NA,NA,NA,NA,NA,NA,NA,NA,NA,NA,NA,NA,NA,NA,0.00,NA,NA,NA
2022-11-17 00:00:00,133.15,278.16,52.67,49.74,66.94,53.36,11.93,2.62,14.35,4.80,4.99,NA,NA,0.53,0.79,24.49,65.58,0.18,229.73,0.00,0.00,20.74,1007.40,0.01
2022-11-18 00:00:00,101.18,190.12,7.38,21.13,17.61,45.63,11.17,0.93,23.46,5.47,3.10,NA,NA,0.18,0.22,24.78,55.46,0.63,262.29,0.00,0.00,130.55,1008.96,-0.02
2022-11-19 00:00:00,68.47,131.65,22.83,23.40,30.26,36.52,8.67,0.83,18.10,5.74,3.21,NA,NA,0.14,0.23,23.54,51.51,0.67,260.19,0.00,0.00,126.84,1008.37,-0.05
2022-11-20 00:00:00,95.48,181.76,23.56,28.04,33.65,46.39,6.63,0.98,15.07,8.53,4.12,NA,NA,NA,0.21,23.90,59.85,0.45,264.30,0.00,0.00,86.68,1006.99,-0.01
2022-11-21 00:00:00,82.27,159.41,26.51,32.49,38.32,59.18,6.56,1.05,20.01,7.34,3.66,NA,NA,0.28,0.24,24.66,55.44,0.40,252.67,0.00,0.00,127.90,1006.57,-0.01
2022-11-22 00:00:00,95.61,174.04,16.40,22.78,24.98,57.37,5.65,0.98,20.11,7.45,3.67,NA,NA,0.24,0.19,23.91,54.70,0.42,271.25,0.00,0.00,123.89,1007.16,-0.01
2022-11-23 00:00:00,137.12,236.79,26.69,25.84,34.57,69.20,6.77,1.38,17.77,9.04,4.47,NA,NA,0.32,0.29,22.76,69.83,0.37,272.80,0.00,0.00,122.18,1007.67,-0.01
2022-11-24 00:00:00,114.75,219.33,52.10,25.98,55.10,102.06,6.74,1.28,18.82,6.95,4.10,NA,NA,0.32,0.37,22.51,63.64,0.42,276.62,0.00,0.00,123.23,1007.80,-0.01
2022-11-25 00:00:00,128.61,218.07,37.99,20.11,41.03,144.45,7.64,0.59,17.59,7.83,4.09,NA,NA,0.29,0.29,22.94,60.62,0.48,269.26,0.00,0.00,125.52,1008.19,-0.01
2022-11-26 00:00:00,125.43,215.34,36.14,19.51,39.37,171.20,6.36,1.06,17.38,8.94,4.51,NA,NA,0.31,0.30,22.65,68.97,0.38,265.24,0.00,0.00,119.21,1006.75,-0.00
2022-11-27 00:00:00,118.74,208.70,33.99,18.73,36.88,197.22,5.64,1.03,16.45,9.24,4.58,NA,NA,0.28,0.24,22.60,73.26,0.24,260.81,0.00,0.00,116.36,1005.13,-0.00
2022-11-28 00:00:00,120.84,201.07,56.51,18.68,55.14,204.10,6.42,1.25,18.97,8.44,4.44,NA,NA,0.30,0.33,23.38,71.04,0.26,272.54,0.00,0.00,119.25,1006.19,-0.00
2022-11-29 00:00:00,84.18,160.54,41.61,22.33,44.85,184.86,6.46,0.98,18.77,8.47,4.39,NA,NA,0.28,0.26,24.54,62.03,0.33,264.14,0.00,0.00,100.46,1007.53,-0.00
2022-11-30 00:00:00,91.81,176.72,38.72,21.80,42.43,181.72,6.77,0.98,18.81,9.22,4.86,NA,NA,0.29,0.27,25.49,58.43,0.38,267.42,0.00,0.00,115.74,1008.40,-0.00
2022-12-01 00:00:00,98.71,176.55,37.08,21.30,40.92,167.57,5.94,1.01,17.23,9.14,4.92,NA,NA,0.31,0.28,24.49,59.44,0.41,272.98,0.00,0.00,117.60,1008.28,-0.01
2022-12-02 00:00:00,117.43,203.19,39.77,19.62,41.82,178.09,6.49,1.13,16.64,9.36,5.18,NA,NA,0.30,0.27,23.16,58.50,0.36,271.32,0.00,0.00,110.62,1008.15,-0.01
2022-12-03 00:00:00,137.11,229.47,32.53,20.82,37.39,150.40,8.67,1.13,22.92,7.21,3.92,NA,NA,0.28,0.25,22.28,54.18,0.37,265.39,0.00,0.00,104.51,1008.42,0.00
2022-12-04 00:00:00,133.39,217.49,38.47,19.39,40.16,141.32,5.93,1.08,16.02,8.12,3.80,NA,NA,0.25,0.20,21.61,62.41,0.35,275.15,0.00,0.00,112.75,1008.87,-0.00
2022-12-05 00:00:00,122.38,203.32,44.73,22.30,47.67,127.69,6.87,0.71,22.35,5.65,3.07,NA,NA,0.30,0.29,21.81,64.98,0.44,270.65,0.00,0.00,104.94,1009.46,-0.00
2022-12-06 00:00:00,109.39,188.28,21.65,22.88,29.45,94.86,6.33,0.47,21.99,5.81,3.18,NA,NA,0.29,0.24,22.00,64.94,0.50,263.49,0.00,0.00,102.63,1008.41,-0.01
2022-12-07 00:00:00,150.65,247.84,28.46,25.19,35.62,92.78,6.45,1.27,14.99,7.07,3.67,NA,NA,0.32,0.28,21.08,63.70,0.42,265.46,0.00,0.00,89.97,1008.17,-0.00
2022-12-08 00:00:00,145.48,229.52,57.85,18.33,56.57,87.99,7.19,1.49,21.74,5.68,3.70,NA,NA,0.38,0.38,20.86,69.32,0.37,254.14,0.00,0.00,76.90,1008.61,0.00
2022-12-09 00:00:00,146.25,238.71,53.11,18.80,52.75,70.89,6.71,1.44,19.36,6.34,4.03,NA,NA,0.81,0.81,21.25,80.35,0.28,240.02,0.00,0.00,95.94,1008.20,0.00
2022-12-10 00:00:00,133.50,243.41,59.51,13.86,54.45,96.92,6.43,1.67,11.44,9.47,5.32,NA,NA,0.38,1.32,22.48,80.17,0.27,251.94,0.00,0.00,73.64,1008.26,-0.00
2022-12-11 00:00:00,131.03,244.10,42.95,17.38,43.52,128.33,6.11,1.44,14.27,9.64,4.75,NA,NA,0.32,1.17,22.89,74.05,0.28,268.23,0.00,0.00,99.26,1008.57,0.01
2022-12-12 00:00:00,153.20,265.61,81.27,16.49,70.47,101.31,7.10,2.09,21.51,7.95,4.35,NA,NA,0.37,1.31,22.26,78.42,0.16,199.36,0.00,0.00,98.96,1008.09,0.01
2022-12-13 00:00:00,151.85,269.98,65.97,16.36,58.33,62.90,7.84,1.95,25.80,6.91,4.39,NA,NA,0.37,1.33,23.39,72.06,0.20,179.69,0.00,0.00,92.99,1008.05,0.01
2022-12-14 00:00:00,153.41,257.16,49.78,23.83,50.78,65.30,8.15,1.51,21.64,5.88,3.36,NA,NA,0.31,1.16,22.65,73.16,0.45,243.96,0.00,0.00,93.10,1008.68,0.00
2022-12-15 00:00:00,122.30,233.73,82.54,16.29,70.70,84.27,6.65,1.80,8.45,8.32,4.75,NA,NA,0.38,1.36,21.43,65.48,0.38,265.26,0.00,0.00,106.46,1008.03,-0.00
2022-12-16 00:00:00,98.99,199.57,46.06,25.10,48.75,75.22,8.15,1.15,15.10,5.94,3.38,NA,NA,0.36,1.23,20.36,48.07,0.48,262.52,0.00,0.00,115.85,1007.95,-0.02
2022-12-17 00:00:00,128.43,250.19,36.13,29.15,44.21,70.48,6.64,1.35,7.71,7.41,4.01,NA,NA,0.37,1.23,19.31,67.18,0.33,267.84,0.00,0.00,106.70,1008.99,-0.00
2022-12-18 00:00:00,165.95,296.51,42.98,30.19,50.24,80.51,6.46,1.79,7.22,8.10,4.31,NA,NA,0.37,1.25,19.99,90.90,0.31,251.71,0.00,0.00,82.26,1008.60,0.00
2022-12-19 00:00:00,141.78,261.05,27.38,27.42,36.28,76.26,7.42,1.38,19.49,6.15,3.15,NA,NA,0.27,1.11,21.11,87.39,0.40,248.27,0.00,0.00,88.96,1007.50,0.00
2022-12-20 00:00:00,154.91,269.70,30.78,29.68,40.19,52.98,7.80,1.45,14.29,5.41,3.28,NA,NA,0.57,1.40,20.94,81.41,0.28,246.63,0.00,0.00,82.52,1007.39,0.01
2022-12-21 00:00:00,170.88,305.63,34.52,27.82,42.22,45.08,5.59,1.43,11.42,5.64,3.81,NA,NA,0.56,1.48,20.79,80.89,0.26,272.97,0.00,0.00,88.00,1008.02,-0.04
2022-12-22 00:00:00,181.02,261.16,29.30,25.01,31.86,48.02,3.06,1.51,7.31,8.00,4.59,NA,NA,0.47,1.36,20.24,82.07,0.33,246.60,0.00,0.00,86.87,1007.94,0.01
2022-12-23 00:00:00,155.12,244.44,62.20,30.96,60.81,48.47,3.68,2.33,6.14,9.32,6.12,NA,NA,0.58,1.74,20.68,71.29,0.21,218.13,0.00,0.00,105.54,1008.26,0.00
2022-12-24 00:00:00,158.60,255.64,37.09,31.19,44.16,47.01,3.63,1.96,8.71,8.89,5.93,NA,NA,0.55,1.66,21.34,72.93,0.20,195.74,0.00,0.00,93.85,1008.52,0.01
2022-12-25 00:00:00,83.18,129.59,2.38,26.75,15.88,50.46,3.61,0.70,11.76,8.70,3.83,NA,NA,0.25,1.05,22.40,86.28,0.23,152.41,0.00,0.00,95.95,1009.13,0.01
2022-12-26 00:00:00,49.09,78.86,3.90,21.69,14.42,49.12,3.13,0.41,16.01,6.40,2.69,NA,NA,0.21,0.94,23.09,91.63,0.22,173.64,0.00,0.00,89.76,1010.66,0.00
2022-12-27 00:00:00,58.33,92.09,9.19,15.53,15.48,45.40,6.60,0.55,21.19,5.93,2.44,NA,NA,0.20,0.92,23.51,92.93,0.28,226.68,0.00,0.00,84.41,1009.79,0.01
2022-12-28 00:00:00,107.68,180.71,9.39,16.22,16.00,45.40,1.41,0.99,11.94,9.16,3.89,NA,NA,0.23,0.97,22.16,81.18,0.32,235.33,0.00,0.00,65.74,1011.03,-0.01
2022-12-29 00:00:00,88.73,164.38,14.72,18.30,21.36,47.02,1.99,0.90,11.15,7.97,3.58,NA,NA,0.22,0.98,19.74,50.22,0.31,224.34,0.00,0.00,105.68,1013.24,-0.00
2022-12-30 00:00:00,127.76,231.60,20.96,20.30,27.41,44.29,2.16,1.36,10.86,8.08,3.82,NA,NA,0.27,1.08,19.41,73.51,0.22,188.26,0.00,0.00,82.70,1013.59,0.02
2022-12-31 00:00:00,116.97,217.33,12.85,23.10,22.37,44.92,1.77,1.21,11.02,8.28,3.49,NA,NA,0.22,0.99,20.49,81.90,0.17,114.34,0.00,0.00,92.14,1012.63,0.02
