"Time","Jadavpur","Ballygunge","Rabindra_Sarobar","Bidhannagar","Rabindra_Bharati","Fort_William","Victoria","Kolkata"
"01-01-2023",104.9005556,109.7965278,91.48854167,136.2965278,145.7682986,64.22802083,130.0753472,111.793402785714
"02-01-2023",94.9034375,89.90625,76.6423913,100.8730435,109.7998864,57.20079861,107.2916667,90.94535343
"03-01-2023",137.1481597,109.9738636,92.3875,135.9572222,121.8760764,68.28680556,128.2791667,113.415542022857
"04-01-2023",102.7529167,92.25243056,75.04583333,106.6216288,98.02673611,56.91725694,102.9079861,90.6463983628571
"05-01-2023",125.0340625,108.0159722,87.40208333,124.2927083,111.4488889,74.45837302,117.4871528,106.877034435714
"06-01-2023",116.7144792,109.2131944,82.75451389,107.0534444,104.7290625,99.34309028,113.8354167,104.806171624286
"07-01-2023",146.2351042,136.3538194,104.8795139,166.6532292,130.0577778,113.2126042,138.2920139,133.6691518
"08-01-2023",150.184375,139.725,110.4118056,157.0989236,136.3412153,112.0577431,143.2822917,135.585907757143
"09-01-2023",132.5528125,119.1858696,98.91014493,142.6224242,124.8531944,110.8879514,132.9539855,123.138054647143
"10-01-2023",108.2775,104.41875,79.37916667,102.1105952,126.6195833,97.2171875,109.9583333,103.997302281429
"11-01-2023",141.4359058,129.5128472,105.2309028,145.4967361,139.2126894,108.5206944,152.7911111,131.742983828571
"12-01-2023",137.1933333,105.1694444,97.00416667,125.9925362,110.89,104.9286806,125.3430556,115.217316681429
"13-01-2023",109.3072917,104.0131944,74.56736111,79.69229167,102.2023958,93.55848485,111.2020833,96.3633004042857
"14-01-2023",72.93895833,57.425,39.93125,46.06569444,70.65666667,43.66652778,76.26458333,58.1355257928571
"15-01-2023",101.245,80.35520833,58.75486111,62.85930556,83.25989583,61.76652778,108.3329861,79.5105406728571
"16-01-2023",101.3045652,75.74618056,57.26847826,73.85458333,86.00270833,64.95902778,98.08923611,79.6035399385714
"17-01-2023",121.0494792,84.83159722,57.64270833,59.78309028,95.88977273,65.72107639,95.83506944,82.9646847985714
"18-01-2023",131.1377083,94.71006944,58.96319444,63.90275362,99.08989583,72.49454861,108.4565972,89.8221096342857
"19-01-2023",139.9158333,108.8604167,73.425,66.55295139,104.6289583,76.88340278,122.5423913,98.9727076814286
"20-01-2023",157.9976087,133.0069444,84.84375,117.0462319,125.175625,89.67013889,147.5465278,122.183832384286
"21-01-2023",195.5828125,155.00625,104.0208333,142.7173264,164.0033333,112.3929514,180.8336806,150.651026785714
"22-01-2023",164.97,140.0875,91.5125,128.1324306,146.453125,95.21670139,161.6642361,132.57664187
"23-01-2023",123.8489583,94.50381944,67.88993056,112.098125,116.6391667,76.61354167,128.2513889,102.834990081429
"24-01-2023",125.6892014,101.3618056,70.6530303,105.2106944,115.5142029,72.2553125,135.3177083,103.714565057143
"25-01-2023",124.5498188,99.36145833,68.85729167,108.4882292,133.3233929,71.63524306,133.8295139,105.720706837143
"26-01-2023",97.2959375,77,55.98645833,80.93659722,91.37635417,58.16565972,105.775,80.9337152771429
"27-01-2023",103.231875,76.69583333,58.771875,78.50177083,83.49547619,54.00545139,108.1614583,80.40910572
"28-01-2023",89.53631944,70.49583333,54.81041667,70.80065972,73.05857639,53.90559028,95.32395833,72.5616220228571
"29-01-2023",80.14263889,68.44375,46.57395833,67.57385417,65.66614583,52.47461806,89.29895833,67.1677033728571
"30-01-2023",99.8275,77.39895833,57.83576389,80.76302083,86.03065972,59.09368056,104.2177083,80.7381845185714
"31-01-2023",113.5211806,97.24166667,78.20069444,111.8450758,126.8872917,82.38833333,136.8399306,106.703453305714
"01-02-2023",79.30101449,60.70625,44.94791667,61.87760417,64.6803125,53.51201389,86.83030303,64.5507735357143
"02-02-2023",70.95309028,50.97083333,35.9875,51.83291667,51.79729167,44.88638889,62.77013889,52.7425942471429
"03-02-2023",90.61243056,66.60606061,48.52954545,68.75864583,79.14130952,55.83496528,84.22326389,70.5294601628571
"04-02-2023",127.1215625,77.228125,66.56805556,84.42135417,99.33864583,68.501875,117.15625,91.47655258
"05-02-2023",93.38208333,47.92391304,51.11770833,69.66395833,78.57590278,63.19826389,94.20590278,71.1525332114286
"06-02-2023",91.30118056,76.44545455,51.73229167,61.07434783,86.49045455,68.75791667,104.7715278,77.22473909
"07-02-2023",60.2021875,43.453125,32.93090278,61.598125,63.9371875,46.07285714,62.65,52.9777692742857
"08-02-2023",51.128125,40.02222222,30.84965278,47.62083333,47.3690625,35.29871528,59.05173611,44.47719246
"09-02-2023",79.50375,61.65243056,39.78958333,64.88413194,64.19871528,49.80538194,81.18090278,63.0021279757143
"10-02-2023",109.6198958,80.97743056,59.58923611,78.98545139,82.11666667,66.95635417,111.0069444,84.1788541571429
"11-02-2023",74.21864583,57.3,43.01493056,66.62138889,68.76666667,51.03284722,83.01909722,63.4247966271429
"12-02-2023",59.6996875,47.73368056,34.54618056,51.39600694,55.67763889,43.04770833,69.14722222,51.606875
"13-02-2023",59.07822917,43.575,27.705,54.78131944,45.59195652,45.47833333,57.99826389,47.7440146214286
"14-02-2023",96.74958333,66.61423611,47.203125,65.49280303,72.57231061,61.20430556,89.51770833,71.3362959957143
"15-02-2023",115.0180208,87.10868056,60.56884058,89.94895833,97.96018116,78.82024306,116.9336806,92.3369435842857
"16-02-2023",113.9479167,92.65972222,62.38819444,100.1823958,80.3196875,76.48923611,127.246875,93.3191468242857
"17-02-2023",70.28875,56.05590278,38.63958333,72.365,68.27989583,47.33885417,79.93371212,61.8430997471429
"18-02-2023",61.83072917,48.17569444,35.43125,63.68114583,53.70145833,42.50261905,64.69652778,52.8599178
"19-02-2023",53.45520833,42.95659722,28.47777778,55.01604167,45.17729167,33.59381944,54.63472222,44.7587797614286
"20-02-2023",45.30697917,30.353125,22.73541667,44.75135417,38.92795455,29.389625,43.13993056,36.3720550171429
"21-02-2023",58.09302083,41.13645833,28.94965278,46.1381746,40.78302083,35.03989583,53.36875,43.3584247428571
"22-02-2023",49.09735507,36.82333333,29.43993056,42.37104167,48.13572917,28.56579861,57.4884058,41.7030848871429
"23-02-2023",44.41333333,31.53576389,22.6280303,36.93649306,40.63147727,26.54625,47.83958333,35.7901330257143
"24-02-2023",55.78010417,39.22765152,30.26388889,49.8859058,49.30489583,32.22381944,58.36493056,45.0073137442857
"25-02-2023",73.33611111,53.28409091,40.19444444,60.0421875,56.70375,48.70416667,79.43784722,58.8146568357143
"26-02-2023",90.19416667,68.69479167,49.82256944,69.35642361,69.86645833,54.810625,90.90694444,70.5217113085714
"27-02-2023",65.61017361,47.03194444,34.74270833,54.8251087,59.01602273,41.80340278,68.28402778,53.0447697671429
"28-02-2023",67.64376812,47.43263889,36.90543478,51.91954861,53.86850694,47.92204861,70.62604167,53.7597125171429
"01-03-2023",64.82600694,42.1875,43.12395833,52.73819444,55.08212121,41.67652778,66.08993056,52.2463198942857
"02-03-2023",62.86083333,42.43409091,35.49375,49.75253472,53.32365942,35.56173611,62.28854167,48.8164494514286
"03-03-2023",61.72234848,55.37395833,39.00416667,64.04020833,68.51822464,53.18708333,74.790625,59.5195163971429
"04-03-2023",77.04770833,61.32708333,47.61354167,67.90868056,64.10166667,62.13458333,84.19652778,66.3328273814286
"05-03-2023",69.99326389,61.32152778,44.51041667,65.61170139,60.91302083,63.89635417,86.11666667,64.6232787714286
"06-03-2023",69.12465278,54.63958333,37.59270833,50.44985507,57.45305556,50.24270833,72.00381944,55.9294832628571
"07-03-2023",66.34434028,52.18645833,39.31458333,48.27461806,54.37232639,39.38701389,63.83125,51.9586557542857
"08-03-2023",73.30194444,57.83977273,39.096875,59.051875,52.69059028,42.44489583,66.22673611,55.8075270557143
"09-03-2023",63.27467391,62.98888889,37.09746377,54.86572917,53.32981884,47.84666667,64.67361111,54.8681217657143
"10-03-2023",84.10097222,81.34722222,50.7,73.14104167,71.85524306,54.3953125,86.50793651,71.7211040257143
"11-03-2023",61.41465278,59.86909722,35.38263889,48.24788194,48.79663043,50.8303125,63.25520833,52.5423460128571
"12-03-2023",79.50920139,86.15520833,48.98541667,60.50090278,59.52788194,51.7940625,85.51458333,67.4267509914286
"13-03-2023",80.35836806,73.07789855,50.32465278,67.76126812,68.62136364,53.25364583,80.97708333,67.76775433
"14-03-2023",66.44121528,53.94652778,41.1375,56.83899306,57.2728125,40.77979167,45.96449275,51.7687618628571
"15-03-2023",59.23204861,53.40381944,36.82534722,51.114375,49.23989583,39.28527778,30.58297101,45.6691049842857
"16-03-2023",46.92894737,38.44833333,29.80036232,41.70215278,39.44142361,26.6990625,39.35659722,37.4824113042857
"17-03-2023",55.83125,NA,33.80902778,48.3748913,41.41789855,30.39083333,48.8030303,43.1044885433333
"18-03-2023",87.70513889,NA,57.10729167,76.76864583,68.16729167,51.93489583,50.42401961,65.3512139166667
"19-03-2023",22.80829861,NA,14.47272727,20.033125,18.50527778,18.7053125,20.00108696,19.08763802
"20-03-2023",17.28638889,11.36730769,NA,12.82004902,11.18115942,13.75427083,15.68768116,13.6828095016667
"21-03-2023",26.19326389,31.88368056,NA,20.41392361,20.60677083,20.91302083,29.5,24.9184432866667
"22-03-2023",38.793125,53.29270833,NA,38.81184028,35.70305556,29.5628125,42.81979167,39.8305555566667
"23-03-2023",30.16277778,37.48854167,18.52948718,31.13180556,27.50888889,24.41552083,31.04891304,28.6122764214286
"24-03-2023",35.1128125,44.32083333,21.99166667,31.65934783,34.27271739,22.00475694,36.12118056,32.2119021742857
"25-03-2023",27.14032609,32.49130435,15.19618056,22.236875,21.68520833,17.61680556,24.38402778,22.9643896671429
"26-03-2023",22.319375,27.21979167,13.73333333,25.96295139,24.62388889,18.20666667,22.69097222,22.1081398814286
"27-03-2023",42.725,49.6384058,30.94027778,36.04862319,34.944375,23.59729167,45.58611111,37.6400120785714
"28-03-2023",45.20645833,53.06180556,26.24166667,38.43611111,35.33472222,28.93204861,44.05868056,38.7530704371429
"29-03-2023",18.95885417,27.77569444,15.23815789,25.39208333,20.89681818,18.29013889,23.38958333,21.4201900328571
"30-03-2023",16.96181159,24.675,13.87395833,24.00510417,19.81607639,15.37815476,22.03159722,19.5345289228571
"31-03-2023",31.98423611,36.64270833,19.546875,32.42743056,24.33972222,21.21569444,30.77743056,28.13344246
"01-04-2023",26.13486111,28.76736111,12.93125,23.13565972,18.60072917,17.36996528,21.95798611,21.2711160714286
"02-04-2023",24.21774306,31.91111111,14.55729167,24.6028125,24.64649306,20.668125,21.58576389,23.1699057557143
"03-04-2023",29.74440972,33.44305556,16.690625,28.14486111,24.6790625,25.05576389,27.41111111,26.4526984128571
"04-04-2023",29.29944444,28.71304348,15.00208333,25.0207971,22.81163043,16.14243056,26.02152778,23.2872795885714
"05-04-2023",35.43607639,37.20729167,19.68715278,28.54493056,26.63322917,24.098125,36.61597222,29.7461111128571
"06-04-2023",63.71878472,62.46145833,31.24305556,50.71225694,49.87970588,44.02461806,53.43125,50.7815899271429
"07-04-2023",52.09263889,56.84166667,30.44659091,45.82732639,107.3025,36.20638889,47.60486111,53.7602818371429
"08-04-2023",50.49628472,59.27847222,31.51631944,54.12,76.0789881,40.23673611,51.80590278,51.9332433385714
"09-04-2023",59.785,62.59097222,32.92743056,NA,26.9603125,34.47100694,59.03125,45.96099537
"10-04-2023",61.92472222,84.88452381,37.47152778,63.43784722,14.31442982,42.00479167,63.59131944,52.5184517085714
"11-04-2023",73.0696875,93.39791667,39.73020833,55.09961806,43.05333333,41.00753472,70.559375,59.4168105157143
"12-04-2023",59.44038194,66.20208333,34.39305556,49.96947917,77.64105072,39.16048611,60.23402778,55.29150923
"13-04-2023",56.3646875,67.53333333,32.01413043,61.76420139,84.86454861,49.06260417,61.28586957,58.9841964285714
"14-04-2023",57.5221875,68.99094203,34.1125,51.45461806,75.33246377,44.09729167,59.29027778,55.8286115442857
"15-04-2023",59.5353125,73.25034722,36.675,49.99618056,79.37864583,43.27450758,63.99201389,58.0145725114286
"16-04-2023",50.48166667,61.07743056,32.78993056,49.34177083,67.05368056,37.46940972,52.73009259,50.1348544985714
"17-04-2023",53.71375,66.05217391,32.23159722,48.31173611,64.47524306,29.82333333,45.06702899,48.5249803742857
"18-04-2023",48.75208333,61.72361111,33.2,43.75525362,60.23026515,28.16065972,46.02395833,45.9779758942857
"19-04-2023",39.4871875,43.53611111,23.62256944,37.94177083,48.25052083,24.43489583,39.07916667,36.62174603
"20-04-2023",47.92597222,51.36458333,27.69097222,47.19996528,58.33979167,31.53242424,41.56342593,43.6595906985714
"21-04-2023",48.12020833,50.11666667,27.39791667,39.82938406,60.59111111,60.82083333,56.42986111,49.0437116114286
"22-04-2023",51.66927083,68.44236111,28.47847222,44.92972222,54.61465278,51.40194444,54.48923611,50.5750942442857
"23-04-2023",26.81940972,34.82604167,12.32916667,25.73479167,27.58350694,24.35559028,24.26701389,25.1307886914286
"24-04-2023",31.2246875,31.29601449,13.10072464,21.54261364,27.66380435,21.90170139,35.33333333,26.0089827628571
"25-04-2023",48.72449275,52.740625,23.42604167,32.94291667,42.32840278,28.29065972,45.97534722,39.2040694014286
"26-04-2023",43.69940972,51.04513889,24.29270833,34.5865625,50.06307018,25.99163194,40.01423611,38.52753681
"27-04-2023",29.81815972,34.96992754,14.83125,24.26006944,34.12440972,22.06780303,28.17048611,26.8917293657143
"28-04-2023",31.48708333,35.64583333,17.41666667,30.96704861,41.55202899,23.05559028,30.915625,30.1485537442857
"29-04-2023",28.99434028,32.26597222,17.3375,27.786875,33.40232639,19.74704861,30.821875,27.1937053571429
"30-04-2023",27.44972222,27.99340278,15.04895833,NA,28.55704861,20.73371528,24.61145833,24.0657175916667
"01-05-2023",29.80017361,29.71875,15.03541667,NA,27.41052083,24.20993056,30.64895833,26.1372916666667
"02-05-2023",32.15440972,32.1923913,14.94710145,14.04033333,35.61545455,23.01702381,30.27395833,26.0343817842857
"03-05-2023",26.80677083,30.115625,14.16770833,26.069375,30.91927083,NA,25.79756944,25.6460532383333
"04-05-2023",20.63600694,18.83576389,9.525347222,18.03399306,24.72886364,NA,17.13333333,18.1488846803333
"05-05-2023",22.73128472,20.684375,12.46458333,22.31024306,24.32975694,21.48202381,24.7442029,21.24949568
"06-05-2023",38.23024306,42.41485507,24.890625,32.00086806,45.25767361,27.04155797,38.64166667,35.4967842057143
"07-05-2023",35.68287879,37.69652778,23.54097222,31.07663194,40.61364583,35.21024306,39.55555556,34.7680650257143
"08-05-2023",33.53666667,38.68159722,23.88958333,27.25641304,46.99386364,38.08521739,40.7375,35.5972630414286
"09-05-2023",46.46590278,42.38949275,26.8576087,37.280625,57.05336806,41.98239583,44.86979167,42.4141692557143
"10-05-2023",33.81788194,40.00451389,21.58576389,32.0215625,44.74201389,37.89465278,34.72083333,34.9696031742857
"11-05-2023",18.831875,28.66840278,16.79861111,24.840625,34.52916667,28.43465909,27.55277778,25.6651596328571
"12-05-2023",31.78112319,25.89826389,14.60173611,21.89423611,28.13985507,28.35864583,23.00625,24.8114443142857
"13-05-2023",22.09458333,24.36944444,13.23333333,18.68572917,27.02243056,35.5297619,21.96423611,23.2713598342857
"14-05-2023",31.27489583,34.134375,17.94930556,25.198125,36.30399306,35.32413194,32.54236111,30.3895982142857
"15-05-2023",31.28291667,29.87881944,16.08208333,24.02965909,29.50288194,32.87277778,30.21944444,27.6955118128571
"16-05-2023",31.6940625,33.06840278,19.37708333,26.35569444,32.19556818,31.8765625,27.85763889,28.9178589457143
"17-05-2023",24.67854167,25.45,15.75659722,27.04465278,30.11989583,29.91885417,22.93611111,25.1292361114286
"18-05-2023",20.54,16.11875,11.30069444,17.16268116,19.43663194,26.68381944,15.15625,18.0569752828571
"19-05-2023",28.13614583,27.06231884,15.00277778,21.45614583,28.25101449,29.79131944,24.09479167,24.8277876971429
"20-05-2023",25.09364583,27.79791667,15.06458333,19.86517361,29.12847222,30.44510417,26.04456522,24.7770658642857
"21-05-2023",30.98760417,32.29097222,21.859375,25.57652778,35.28649306,28.86159722,31.040625,29.4147420642857
"22-05-2023",23.8601087,24.31884058,14.87282609,17.62647727,24.90552083,31.70368056,24.00833333,23.0422553371429
"23-05-2023",27.64333333,38.98506944,18.10520833,24.74204861,32.44011364,31.81287879,27.7125,28.7773074485714
"24-05-2023",21.57354167,23.47534722,13.20144928,16.58034722,20.32291667,29.49359375,20.315625,20.7089744014286
"25-05-2023",22.17402778,24.61006944,15.32152778,20.45152174,22.95,15.68225694,23.45568182,20.6635836428571
"26-05-2023",16.45736111,20.14761905,11.35277778,12.55732639,15.53572917,11.94079861,17.53913043,15.0758203628571
"27-05-2023",25.48354167,40.63958333,16.32777778,21.10659722,22.71135417,16.62982639,27.17142857,24.2957298757143
"28-05-2023",26.00048246,38.38229167,19.24027778,24.24145833,25.82208333,17.63993056,17.10492424,24.0616354814286
"29-05-2023",38.86118056,50.30652174,25.65144928,34.40145833,34.22802083,26.316875,43.35729167,36.16039963
"30-05-2023",36.71364583,50.325,22.51388889,37.5357971,41.48666667,27.32527778,39.94826389,36.5497914514286
"31-05-2023",34.99395833,45.47395833,20.48611111,29.10295139,38.8625,20.08561594,32.57222222,31.6539024742857
"01-06-2023",38.43791667,52.875,27.50243056,36.03371528,38.49229167,37.6709375,44.1952381,39.3153613971429
"02-06-2023",46.13083333,58.28472222,28.43194444,41.01318841,39.15708333,34.14670139,42.825,41.4270675885714
"03-06-2023",43.34541667,58.72898551,28.30520833,35.59836806,38.66246528,31.59458333,41.45208333,39.6695872157143
"04-06-2023",39.168125,49.73715278,24.70347222,33.37743056,36.95135417,29.67638889,40.05972222,36.2390922628571
"05-06-2023",35.2426087,43.84375,19.70486111,28.82763889,41.35464286,30.84524306,35.08295455,33.5573855957143
"06-06-2023",36.50204861,46.89927536,21.02272727,30.85826389,40.28541667,32.72729167,34.75978261,34.7221151542857
"07-06-2023",38.70552083,53.54895833,24.86180556,31.9578125,40.88806818,34.65394928,41.57604167,38.0274509071429
"08-06-2023",36.77576389,44.30942029,23.07534722,31.73184028,36.66,31.16493056,40.9719697,34.9556102771429
"09-06-2023",28.683125,32.20659722,17.64756944,24.8909375,24.96239583,26.93701389,26.40034722,25.9611408714286
"10-06-2023",30.74458333,40.50555556,21.06458333,23.88399306,26.23135417,29.24222222,33.14791667,29.2600297628571
"11-06-2023",26.42916667,29.72222222,16.390625,22.4159375,21.98263889,31.39638889,26.69826389,25.0050347228571
"12-06-2023",29.61826087,35.00625,18.1576087,21.83743056,24.91965278,27.83503472,27.48068182,26.4078456357143
"13-06-2023",28.54239583,32.50378788,19.49166667,24.42027778,27.10361111,28.25204861,31.50833333,27.4031601728571
"14-06-2023",31.28114583,36.59583333,18.39791667,27.185625,29.49213768,26.69548611,30.540625,28.59839566
"15-06-2023",30.51947917,35.88958333,16.00416667,27.30113636,28.31850694,30.07760417,26.48819444,27.7998101542857
"16-06-2023",32.03107639,34.45416667,14.82916667,25.01708333,29.59017361,22.75302083,24.87083333,26.22078869
"17-06-2023",28.96885417,32.86449275,13.54166667,24.3871875,26.32697917,19.5475,24.296875,24.27622218
"18-06-2023",22.41197917,28.49340278,11.9625,21.34625,25.41003472,27.98416667,19.70416667,22.4732142871429
"19-06-2023",19.33898551,25.14548611,12.05416667,18.50306818,19.559375,26.36864583,18.85740741,19.9753049585714
"20-06-2023",21.79045139,27.11847826,13.84895833,18.60447917,23.0090625,23.65604167,21.15555556,21.3118609828571
"21-06-2023",16.68083333,20.13159722,10.45208333,15.86185606,16.1925,21.16208333,18.00486111,16.9265449114286
"22-06-2023",16.31271739,20.01770833,9.85625,15.01010417,15.44445652,19.39100694,19.0115942,16.4348339357143
"23-06-2023",14.05072917,11.13863636,10.38,9.735381944,8.479963768,18.21503788,12.12986111,12.0185157474286
"24-06-2023",13.10385417,13.62395833,12.28854167,9.935590278,8.7678125,11.74868056,10.30381944,11.3960367068571
"25-06-2023",10.95604167,12.58819444,9.05,7.730972222,6.251704545,8.458506944,7.078472222,8.873413149
"26-06-2023",11.99974638,12.25729167,6.000694444,9.625173611,7.845277778,10.57805556,9.131597222,9.63397666642857
"27-06-2023",9.213923611,12.278125,5.613768116,7.007992424,4.439895833,9.123645833,8.885869565,8.08046005457143
"28-06-2023",13.82802083,12.55694444,7.511458333,8.0503125,8.007048611,9.037256944,8.928125,9.702738094
"29-06-2023",14.12173611,16.43819444,14.55138889,15.8342803,12.86614583,8.745381944,14.33020833,13.8410479777143
"30-06-2023",16.55375,20.13768116,18.52916667,16.11510417,18.82286232,8.816666667,19.20277778,16.882572681
"01-07-2023",15.48902778,19.17916667,14.32361111,15.52930556,17.68447917,9.896875,14.93090278,15.2904811528571
"02-07-2023",20.62152778,23.90451389,16.38159722,15.93770833,16.58291667,9.835277778,18.72743056,17.4272817468571
"03-07-2023",16.9059375,21.49545455,20.2307971,14.50621528,17.87229167,10.48479167,15.0115942,16.6438688528571
"04-07-2023",14.27649306,8.592105263,16.15798611,12.53840278,13.21715909,14.43626984,10.88611111,12.8720753218571
"05-07-2023",10.20666667,10.70833333,10.17638889,5.157708333,6.391006944,15.16902778,8.333695652,9.44897537128571
"06-07-2023",7.155520833,13.58985507,10.56666667,5.991304348,5.692673611,15.30177083,8.43125,9.53272019457143
"07-07-2023",10.6628125,13.05173611,10.94673913,7.2453125,9.340340909,11.99753472,10.08541667,10.4756989341429
"08-07-2023",11.399375,10.41909722,11.98269231,8.267604167,11.2321875,11.27083333,8.498958333,10.4386782657143
"09-07-2023",16.70159722,17.17777778,18.68298611,15.92690972,18.37322917,11.16659722,16.61215278,16.3773214285714
"10-07-2023",18.02097826,19.44236111,17.47847222,15.47299242,19.49489583,12.4378125,14.64285714,16.7129099257143
"11-07-2023",10.41472222,16.80454545,15.05763889,12.13131944,11.37583333,11.72861111,18.25151515,13.6805979414286
"12-07-2023",9.674201389,19.58194444,11.55324074,7.505034722,8.28625,10.68583333,14.6375,11.7034292315714
"13-07-2023",7.071597222,17.68229167,10.18958333,7.122118056,8.556050725,18.00742754,13.35416667,11.7118907447143
"14-07-2023",16.23815972,20.88958333,10.4475,13.99572917,16.08444444,13.8328125,24.95625,16.6349255942857
"15-07-2023",9.819848485,19.87465278,NA,10.9059375,8.157986111,13.64923611,20.74444444,13.8586842376667
"16-07-2023",10.58635417,15.71493056,NA,10.6846875,8.987465278,13.148125,13.92222222,12.1739641213333
"17-07-2023",9.9075,17.17708333,NA,8.592291667,4.550526316,12.37298611,14.83854167,11.2398215155
"18-07-2023",12.62916667,17.18541667,13.09242424,9.072934783,NA,13.77232639,13.71666667,13.2448225705
"19-07-2023",9.005798611,15.88623188,10.61770833,7.545416667,7.176363636,12.70295139,11.80265152,10.6767317191429
"20-07-2023",9.626145833,16.83506944,10.24166667,6.087083333,7.109375,11.72136364,11.48333333,10.4434338922857
"21-07-2023",13.50166667,16.14201389,10.32083333,6.2865625,7.391041667,14.19625,6.253125,10.5844990081429
"22-07-2023",14.55802083,16.05486111,10.603125,6.804305556,5.823020833,12.646875,7.185416667,10.5250892851429
"23-07-2023",12.03270833,15.67604167,10.58541667,7.885833333,6.470104167,11.54885417,6.514236111,10.1018849215714
"24-07-2023",13.9521875,15.396875,12.0826087,9.057173913,8.007840909,12.94892361,8.167361111,11.3732815347143
"25-07-2023",10.46368056,15.85606061,10.72663194,10.14771739,6.605416667,14.74729167,6.828472222,10.7678958655714
"26-07-2023",13.12715278,8.441666667,12.34288194,9.131354167,7.261785714,14.39847222,8.534782609,10.4625851567143
"27-07-2023",14.72270833,11.71944444,12.48305556,7.962388889,10.52197917,12.924375,9.318402778,11.3789077381429
"28-07-2023",18.30223958,11.11527778,12.72375,15.728,9.877708333,13.85614583,6.097222222,12.528620535
"29-07-2023",NA,14.66736111,13.43006944,14.29420455,10.11708333,14.32944444,9.729861111,12.7613373301667
"30-07-2023",NA,15.18680556,16.19104167,NA,9.915625,13.68895833,10.17604167,13.031694446
"31-07-2023",NA,25.29710145,21.88048611,NA,14.35318182,14.20315972,20.89965278,19.326716376
"01-08-2023",20.68177083,16.22048611,18.00628788,NA,10.9353125,13.88465278,13.225,15.4922516833333
"02-08-2023",14.42277778,7.976041667,10.77048611,NA,6.79094697,12.99743056,10.00340909,10.4935153628333
"03-08-2023",26.67814394,11.26666667,14.40354167,22.59942308,17.02847222,12.25381944,15.98611111,17.1737397328571
"04-08-2023",19.47399306,16.90972222,18.82878472,26.62239583,18.96166667,14.71618056,17.90729167,19.0600049614286
"05-08-2023",22.91086806,21.13819444,22.73298611,27.77489583,19.9815625,13.08763889,19.63333333,21.0370684514286
"06-08-2023",22.23743056,26.58263889,25.21072917,28.25805556,20.08368056,11.96402778,22.53368056,22.4100347257143
"07-08-2023",22.81767361,26.30833333,25.20448413,27.92181818,18.58916667,11.87826389,22.70798611,22.2039608457143
"08-08-2023",28.39413043,31.49601449,27.55357143,33.48135417,26.86869792,12.73618056,28.32159091,26.9787914157143
"09-08-2023",37.84930556,40.878125,34.1421875,45.09951389,40.37951389,16.43302083,37.02708333,35.9726785714286
"10-08-2023",46.1128125,48.25694444,40.57270833,57.78063492,54.59756944,14.34076389,47.58020833,44.1773774071429
"11-08-2023",35.16,39.27717391,32.25135417,43.68295139,31.0721875,12.79333333,34.93333333,32.73861909
"12-08-2023",28.84760417,35.68993056,25.96958333,36.10677083,26.86732639,13.81204861,32.01354167,28.4724007942857
"13-08-2023",29.64270833,29.15138889,23.26104167,28.35663194,18.29388889,12.39434028,27.26666667,24.0523809528571
"14-08-2023",38.79822917,37.08576389,31.60458333,40.14229167,41.50569444,12.56829861,36.31775362,34.0032306757143
"15-08-2023",43.60322917,45.40868056,37.11895833,44.72579861,39.19024306,13.07395833,40.63854167,37.6799156757143
"16-08-2023",38.01170139,42.20036232,34.05645833,31.89560606,29.71229167,13.40902778,36.26770833,32.2218794114286
"17-08-2023",33.5998913,31.21875,25.01625,33.15961806,27.79636364,13.97208333,23.87083333,26.9476842371429
"18-08-2023",17.006875,18.29094203,15.8425,13.29246528,13.55236111,11.76424242,18.03442029,15.39768659
"19-08-2023",12.95977273,14.45277778,7.521180556,14.87448413,10.94875,12.0796875,11.4202381,12.0366986851429
"20-08-2023",23.71975694,22.57083333,15.11461806,25.91836806,24.26291667,11.89954861,24.4375,21.1319345242857
"21-08-2023",21.34300725,16.69021739,14.60513889,24.02595238,21.42659722,12.4921875,20.75486111,18.7625659628571
"22-08-2023",31.10152778,24.54166667,18.29458333,33.8165625,25.27427083,13.0303125,23.22847222,24.18391369
"23-08-2023",28.73263889,20.59305556,16.39128472,30.32666667,24.60725694,14.21072917,20.95681818,22.25977859
"24-08-2023",19.99253472,18.05590278,15.57583333,29.3478125,21.24861111,12.15128472,18.309375,19.2401934514286
"25-08-2023",23.68038194,20.95659722,17.58458333,30.29611111,17.41260417,24.2890625,18.18715278,21.77235615
"26-08-2023",31.21149306,29.17083333,26.61166667,38.075625,23.95086806,15.07760417,23.88923611,26.8553323428571
"27-08-2023",48.76826389,41.91284722,36.47333333,60.1823913,41.60347222,15.74017361,41.42361111,40.87201324
"28-08-2023",72.82319444,61.85208333,52.83385417,73.75148551,65.86989583,16.27149306,62.08645833,57.9269235242857
"29-08-2023",84.80305556,78.85416667,56.17166667,74.30794872,70.6682197,21.95572917,70.071875,65.2618087842857
"30-08-2023",77.92322917,77.37777778,58.73635417,82.45697917,70.79336806,19.98527778,69.01547619,65.1840660457143
"31-08-2023",66.14659722,63.89618056,50.24170139,69.37166667,61.53234127,21.09351852,61.83576389,56.3025385028571
"01-09-2023",62.41520833,60.96423611,51.87239583,63.1384375,55.3055303,22.05770833,59.46666667,53.6028832957143
"02-09-2023",44.78670139,47.32986111,44.48729167,49.13614583,44.31152174,17.50208333,50.65543478,42.6012914071429
"03-09-2023",36.57555556,36.29236111,31.31375,28.282875,24.18225694,15.57444444,35.875,29.7280347214286
"04-09-2023",20.81784722,16.89375,14.77166667,21.37492754,13.11003623,14.04774306,17.87152778,16.9839283571429
"05-09-2023",14.73392361,13.54340278,12.36361111,15.304375,12.75326389,11.93496528,12.83478261,13.3526177542857
"06-09-2023",8.205659722,10.99826389,10.59152778,9.557881944,7.082222222,13.55861111,10.63333333,10.0896428568571
"07-09-2023",10.30309028,13.77465278,11.33704861,9.221909722,5.115763889,11.604375,9.355555556,10.1017708338571
"08-09-2023",13.55965278,11.96076389,11.93909722,11.12013889,12.14768116,11.22222222,12.43159722,12.0544504828571
"09-09-2023",14.87958333,15.92430556,11.00118056,18.81954861,11.60690972,12.29704861,13.34513889,13.9819593257143
"10-09-2023",17.29173611,18.58020833,16.22795139,20.33319444,14.95274306,13.22,17.71076389,16.9023710314286
"11-09-2023",17.79236111,15.51944444,17.4859375,21.23525362,14.13743056,16.49071429,15.23680556,16.8425638685714
"12-09-2023",18.08777778,18.24963768,15.19850694,18.92231884,10.37826389,17.70385417,21.15,17.0986227571429
"13-09-2023",11.90559028,17.6625,19.9551087,13.31482639,8.713402778,17.9384375,15.52152778,15.0016276325714
"14-09-2023",7.910520833,12.02395833,15.14385417,9.757118056,8.88923913,15.48772727,8.632291667,11.1206727794286
"15-09-2023",12.72697917,16.8625,15.928125,16.28107639,9.5196875,15.56104167,13.86770833,14.3924454371429
"16-09-2023",14.61163194,18.64791667,18.35857639,17.07486111,11.35885417,14.35267361,18.26701389,16.09593254
"17-09-2023",15.06888889,18.04895833,19.80447917,18.37763889,11.36958333,16.19041667,18.40798611,16.7525644842857
"18-09-2023",13.42892361,19.61770833,21.81677083,17.481875,12.66791667,17.53364583,18.94027778,17.3553025785714
"19-09-2023",8.297361111,12.18541667,14.68152778,7.783263889,5.088229167,15.3709375,10.06590909,10.4960921724286
"20-09-2023",9.575659722,13.77743056,15.95114583,13.29195652,8.947954545,14.5040625,11.43229167,12.4972144781429
"21-09-2023",14.17243056,16.51515152,17.3496875,19.8559375,9.250729167,15.12807971,13.7,15.1388594224286
"22-09-2023",12.88034722,15.39479167,16.78902778,20.72802083,9.569166667,17.78159722,14.73055556,15.4105009924286
"23-09-2023",10.96496528,14.28020833,17.51423611,17.10510417,9.13,17.21704861,14.37326389,14.3692609128571
"24-09-2023",14.52413194,18.91180556,21.04642361,17.2265625,10.52805556,16.87454861,18.16388889,16.7536309528571
"25-09-2023",14.05229167,17.35173611,21.37488636,21.24020833,13.84666667,18.65727273,16.86111111,17.6263104257143
"26-09-2023",13.72038194,21.13224638,15.25270833,20.61996528,10.65395833,16.61614583,15.36076389,16.1937385685714
"27-09-2023",15.44447917,22.07847222,17.9109375,22.53518116,14.7821875,18.101875,21.48888889,18.9060030628571
"28-09-2023",29.09134058,37.92536232,30.26145833,35.6490625,25.6624537,21.26814394,29.98115942,29.9769972557143
"29-09-2023",53.659375,51.21423611,51.079375,53.23763889,44.68166667,21.42541667,40.58645833,45.1263095242857
"30-09-2023",15.45375,21.62644928,19.06246528,22.09263889,NA,22.23628472,15.64166667,19.35220914
"01-10-2023",12.47756944,17.43977273,12.32736111,14.84131944,9.906944444,15.35666667,6.348958333,12.6712274524286
"02-10-2023",17.97388889,18.71041667,17.61097222,21.845,12.73666667,15.78145833,2,15.2369146828571
"03-10-2023",11.71746528,11.77916667,11.72881944,12.84479167,8.937326389,15.79611111,8.12375,11.5610615084286
"04-10-2023",13.780625,14.99492754,9.6675,15.74326087,10.10134058,19.715,10.77951389,13.5403096971429
"05-10-2023",28.30197917,29.86006944,29.14354167,32.826875,26.23309028,15.5565625,27.51458333,27.0623859128571
"06-10-2023",27.70444444,30.87986111,25.84108696,34.57030303,27.77336957,15.63961806,27.89965278,27.1869051357143
"07-10-2023",41.21731884,44.48993056,39.98677083,47.13472222,32.31472222,17.9871875,37.67118056,37.2574046757143
"08-10-2023",48.06527778,51.615625,45.783125,47.58913194,34.03277778,17.58614583,46.62465278,41.6138194442857
"09-10-2023",52.46305556,63.39746377,55.02677083,62.86017361,45.57142361,16.17083333,56.27065217,50.25148184
"10-10-2023",64.47152174,68.84409722,64.99433333,73.90844203,61.03204545,30.34289855,62.69236111,60.8979570614286
"11-10-2023",75.43395833,75.25173611,53.9496875,79.48958333,66.41743056,61.145625,71.33090278,69.0027033728571
"12-10-2023",69.69729167,76.53993056,56.92038194,70.05617647,62.30072917,123.3231944,73.29826389,76.0194240142857
"13-10-2023",62.64232639,64.66041667,49.77666667,60.59583333,48.7428125,86.17045139,62.98645833,62.22499504
"14-10-2023",62.26076389,65.64756944,52.86163194,63.2975,42.07423611,78.81052083,65.13229167,61.44064484
"15-10-2023",60.29586806,67.04756944,54.05770833,60.54295139,43.56784722,76.23444444,62.79652778,60.6489880942857
"16-10-2023",80.40545139,83.91041667,64.02270833,69.69451389,45.17715278,87.68861111,76.98993056,72.5555406757143
"17-10-2023",91.37358696,103.9541667,74.92572917,76.73020833,45.44027778,106.3432986,93.50144928,84.6098166885714
"18-10-2023",86.53628472,78.45104167,66.03104167,71.23526515,45.36298611,84.16958333,76.06423611,72.55006268
"19-10-2023",54.72607639,56.52916667,41.14181159,52.27694444,34.12979167,57.8468254,53.25347222,49.98629834
"20-10-2023",47.06111111,45.740625,37.68295139,49.04850694,30.64618056,51.62479167,47.90625,44.2443452385714
"21-10-2023",46.52381944,48.1625,39.2528125,50.38125,33.09961806,54.07121528,48.75277778,45.7491418657143
"22-10-2023",41.801875,41.05208333,37.10440972,48.19097222,29.29857639,48.18482639,42.29236111,41.1321577371429
"23-10-2023",35.42260417,35.53020833,31.69114583,37.5509375,21.70465278,37.68399306,35.94583333,33.6470535714286
"24-10-2023",17.51899306,13.01875,14.79635417,17.224375,12.1028125,12.05416667,18.33819444,15.0076636914286
"25-10-2023",36.41309028,33.68125,31.16475694,33.09319444,19.85666667,33.81930556,37.09375,32.1602876985714
"26-10-2023",52.28075758,55.55104167,46.56381944,51.44559028,29.18364583,58.52229167,53.32717391,49.55347434
"27-10-2023",67.52520833,74.5,60.08816667,58.97770833,33.77100694,72.429375,66.79479167,62.01232242
"28-10-2023",77.97243056,96.26701389,72.03958333,77.35416667,41.60125,89.19954861,81.925,76.6227132942857
"29-10-2023",73.64815972,88.93958333,67.66395833,71.80854167,42.18458333,86.11385417,75.86666667,72.3179067457143
"30-10-2023",73.25652778,77.5,62.309,64.31704861,41.27125,77.36958333,68.18854167,66.3159930557143
"31-10-2023",59.56600694,70.00340909,37.67981481,63.03628472,44.86128472,80.8778125,71.64270833,61.0953315871429
"01-11-2023",60.72138889,62.696875,45.68774306,63.19743056,38.1390625,66.8167029,69.86875,58.16113613
"02-11-2023",67.61454861,65.35178571,49.17180556,62.17947917,51.72772727,75.56590278,70.22708333,63.1197617757143
"03-11-2023",77.57038194,NA,65.21003472,86.14715278,67.06489583,103.8378472,98.534375,83.060781245
"04-11-2023",49.69149306,NA,43.31829861,57.17368056,45.1767029,62.18774306,56.115625,52.2772571983333
"05-11-2023",64.13760417,NA,63.74947917,69.32288194,60.63694444,88.46864583,79.303125,70.9364467583333
"06-11-2023",72.55072917,104.5833333,60.68927083,69.58916667,43.90694444,83.98083333,84.19021739,74.2129278757143
"07-11-2023",92.13197917,120.2890152,78.28298611,100.3913636,62.75125,90.66739583,102.9944444,92.5012049014286
"08-11-2023",98.53347222,121.5524306,86.63322917,114.1555903,82.79271739,88.79496528,111.3638889,100.546613408571
"09-11-2023",124.1235764,151.4482639,106.8816667,137.2422826,109.5907955,62.40576389,131.9506944,117.663291912857
"10-11-2023",114.6109028,180.62,109.2475694,145.1340278,118.1365972,112.3044444,141.9257937,131.711333614286
"11-11-2023",133.4569097,135.7371212,109.9448264,141.2135069,102.145,128.4155208,132.5384058,126.207327257143
"12-11-2023",132.6161458,141.0170139,106.6577778,119.7214583,84.32600694,122.8746181,132.6736111,119.983804562857
"13-11-2023",87.19652778,110.7173611,83.11211806,91.025,74.26180556,149.5916319,153.8776515,107.111727985714
"14-11-2023",61.42256944,62.50036232,40.85731884,66.79479167,56.53704861,61.85652778,75.16527778,60.7334137771429
"15-11-2023",48.89576389,51.93784722,39.71920139,48.43166667,37.08274306,48.79916667,62.43993056,48.1866170657143
"16-11-2023",39.43354167,44.68611111,39.08545455,41.48021739,33.77409722,40.14131944,49.57743056,41.1683102771429
"17-11-2023",18.29347222,15.51666667,14.89767361,15.14958333,14.85364583,16.84618056,19.69548611,16.4646726185714
"18-11-2023",21.93583333,22.67013889,17.11180556,18.8103125,19.61979167,23.48434028,25.28611111,21.27404762
"19-11-2023",37.70447917,40.04270833,34.96371528,25.90239583,29.80479167,43.25131944,43.2173913,36.4124001457143
"20-11-2023",41.25993056,51.84375,42.05347222,35.68048611,40.95765152,65.93333333,58.53506944,48.0376704542857
"21-11-2023",64.20083333,77.71631944,67.23909722,71.70357639,63.74315972,76.17965278,86.06014493,72.4061119728571
"22-11-2023",90.78451389,113.4322917,96.45059028,95.85974638,71.48916667,111.6376136,115.9458333,99.3713936885714
"23-11-2023",110.1452778,134.0068841,109.4028472,124.2675,89.99100694,134.4775,134.5625,119.550502291429
"24-11-2023",103.1339583,128.9954861,110.4645833,125.3930208,87.22371528,134.7227083,132.5297101,117.494740311429
"25-11-2023",76.70715278,95.58194444,85.85243056,108.1470833,59.76434028,107.3657292,101.0201389,90.6341170657143
"26-11-2023",58.28274306,71.84791667,67.28947917,57.57916667,45.54371528,77.36295139,78.59930556,65.2150396857143
"27-11-2023",73.61107639,87.81630435,81.734375,66.04738636,50.81527778,98.79697917,93.95972222,78.96873161
"28-11-2023",51.00607639,71.078125,58.8101087,74.18791667,57.10020833,80.79552083,69.47881944,66.0652536228571
"29-11-2023",76.38118056,98.684375,77.99177083,84.9275,67.01260417,101.8695833,97.84097222,86.3868551542857
"30-11-2023",77.52475694,100.3083333,84.90694444,90.13333333,61.67024306,98.79706349,108.4963768,88.83386448
"01-12-2023",43.73708333,51.84021739,41.90347222,39.2225,35.01996528,44.82510417,50.428125,43.8537810557143
"02-12-2023",54.98923611,66.06319444,55.15496528,60.07802083,42.17777778,67.81090278,69.81493056,59.4412896828571
"03-12-2023",83.39003472,103.5239583,86.52152778,93.70402778,67.72913194,103.75,106.4027778,92.1459226171429
"04-12-2023",66.73118056,80.26666667,69.12444444,72.50799242,57.17378472,120.6928571,89.40173611,79.4140945742857
"05-12-2023",40.04975694,54.88819444,45.38131944,48.78663194,44.72989583,59.62760417,67.06911765,51.5046457728571
"06-12-2023",38.77189815,47.99791667,44.25149306,45.36232639,30.76934028,48.8265625,NA,42.663256175
"07-12-2023",24.16673611,26.41006944,25.63083333,28.67121528,15.94861111,28.303125,25.32051282,24.9215861557143
"08-12-2023",18.966875,24.04545455,20.96391304,21.96020833,17.86336806,NA,24.76594203,21.427626835
"09-12-2023",55.45486111,65.14791667,55.29666667,60.97166667,45.36020833,NA,67.66979167,58.3168518533333
"10-12-2023",75.27809028,96.87708333,78.6975,89.72177083,64.66072917,NA,98.79479167,84.0049942133333
"11-12-2023",76.39736111,91.38263889,73.02166667,85.05337302,55.65041667,NA,86.865625,78.0618468933333
"12-12-2023",89.87625,104.1913194,74.01822917,101.4261111,66.29229167,83.45409091,104.1818182,89.0628729214286
"13-12-2023",86.93729167,95.37465278,61.9365625,100.2739931,92.82485507,102.0109028,97.60972222,90.9954257342857
"14-12-2023",90.09076389,101.2293478,93.41482639,97.31461806,73.49043478,113.2120833,107.7385417,96.64151656
"15-12-2023",94.4978125,124.825,108.2594444,101.2947101,76.29982639,143.8004348,122.5986111,110.225119898571
"16-12-2023",95.88114583,120.0322917,102.4332292,127.1179861,70.45774306,137.7201042,120.8818841,110.646340598571
"17-12-2023",105.8613542,131.1163194,103.6626042,103.1344792,70.97815972,132.9658333,123.2520833,110.138690474286
"18-12-2023",105.2067708,118.2265152,104.0811458,117.7691667,70.17277778,139.2754167,119.8282609,110.651436268571
"19-12-2023",95.50010417,117.203125,92.02864583,103.5696875,52.17214286,120.769375,105.6375,98.1257971942857
"20-12-2023",88.21625,100.1885417,81.81604167,90.16083333,53.52383333,109.9304167,100.0655797,89.1287852042857
"21-12-2023",76.28541667,79.74166667,68.25329861,77.4915625,68.16945652,83.61979167,80.60625,76.3096346628571
"22-12-2023",100.5591667,92.27028986,86.32118056,82.04447917,71.27625,115.0220635,100.2895833,92.5404304414286
"23-12-2023",93.23885417,94.49895833,90.99854167,85.3678125,63.73263889,113.0280208,112.18125,93.2922966228571
"24-12-2023",77.75166667,90.69131944,77.42118056,72.69361111,58.73503472,93.82263889,98.62604167,81.3916418657143
"25-12-2023",80.991875,106.9760417,90.85559028,78.73604167,72.43986111,118.6622569,127.9760417,96.6625297657143
"26-12-2023",71.64072917,100.8260417,83.68184028,88.77014493,92.9498913,112.5849306,114.701087,95.0220949971429
"27-12-2023",77.21270833,102.0568182,87.51055556,82.54128472,77.01090278,113.5025,109.0885417,92.7033301842857
"28-12-2023",85.1709375,100.3704861,84.64815217,85.01503472,87.44965909,106.49575,105.1583333,93.47262184
"29-12-2023",79.255625,94.95763889,82.58875,80.01833333,79.80079861,82.98701389,107.9354167,86.7919394885714
"30-12-2023",83.23532609,94.90972222,83.23614583,84.84333333,63.18875,60.92666667,102.44375,81.82624202
"31-12-2023",104.2651389,95.37430556,79.93770833,76.41722222,55.68434028,46.2528125,85.31979167,77.6073313514286
